playerID,roundID,state,next_state,Fac1,Fac2,Fac3,Fac4,Fac5,Fac6
96,1,CC,CC,0.852808837,0,0.001421483,0.105154896,0.182782187,0.022563067
96,2,CC,CC,1.764813071,0.000645823,0,0.082232975,0.26480182,0.005116191
96,3,CC,CC,1.779277555,0,0.000231415,0.098765044,0.266960146,0.060716379
96,4,CC,CC,1.783243386,0,0.006609361,0.175582782,0.212158295,0.032007676
96,5,CC,CC,1.430331023,0,0.020980064,0.04623312,0.293333974,0.012973421
96,6,CC,CC,1.23573368,0,0.005232161,0.155312957,0.255742573,0.071883405
96,7,CC,CC,2.057243524,0,0.026241982,0.072406515,0.319053482,0.014107992
96,8,CC,CC,1.97226586,0,0.05035532,0.019548571,0.344954099,0.007749185
96,9,CC,CC,1.524039493,0,0.064470689,0.113028453,0.25702814,0.031513162
97,11,CC,CC,0.309282123,0.409890826,0.312269058,0.013388345,0.318132113,0.135266905
97,12,CC,CC,0.30849707,0.169956247,0.575895106,0.085630618,0.810134101,0.09568018
97,13,CC,CC,0.030268639,1.239617182,0.38407223,0.240413143,0.183401609,0.052697903
97,14,CC,CC,0.010131179,0.982144943,0.418545316,0.250191617,0.046413806,0.038163728
97,15,CC,CC,0.136632418,0.602468636,0.534410575,0.211771245,0.509416767,0.088631577
97,16,CC,CC,0.551413478,0.225088325,0.303881041,0.288259318,1.169322056,0.588779436
97,17,CC,CC,0.450006876,0.86871265,0.20895547,0.537778407,0.333458955,0.73129899
97,18,CC,CC,0.181007759,0.350152032,0.150182298,0.601100647,0.278147603,0.477929466
97,19,CC,CC,0.41653664,0.148275546,0.49784179,0.291078157,0.409646911,0.448805256
99,21,CC,CD,0.420449983,0.954772482,0.058106196,0.160003783,0.645742312,0.153901591
99,22,CD,CD,0.386392284,0.90183338,0.066793021,0.221693349,0.527080768,0.07300235
99,23,CD,CC,0.266160562,0.893433924,0.151845579,0.158159162,0.470995014,0.091033713
99,24,CC,CD,0.326168505,0.580142196,0.025807084,0.092477939,0.448060924,0.003368201
99,25,CD,DC,0.386194834,0.66829934,0.056595978,0.067777811,0.565059841,0.048934534
99,26,DC,CD,0.305308938,0.506467657,0.064198195,0.436066814,0.354160949,0.060857472
99,27,CD,DC,0.350508114,0.531883386,0.053569839,0.460263259,0.382087675,0.06203067
99,28,DC,DD,0.384281826,0.742465024,0.08083572,0.429471735,0.372808363,0.088410263
99,29,DD,CD,0.419562657,0.727320561,0.097003968,0.504399267,0.333820489,0.105344671
100,31,CC,DC,0,0,0.053586178,0.285180649,0,0.034394608
100,32,DC,DC,0,0,0.102329075,0.351585876,0,0.042174175
100,33,DC,CC,0,0.007966619,0.053950362,0.154766902,0,0.043637367
100,34,CC,DC,0,0.031267725,0.071634987,0.378776548,0,0.233636798
100,35,DC,CD,0,0.249971271,0.009174271,0.291833118,0,0.10992576
100,36,CD,DC,0,0.000191483,0,0.282373174,0,0.046492819
100,37,DC,CD,0,0.305333502,0.013579023,0.403148691,0,0.168901624
100,38,CD,DD,0,0.015061253,0.000514417,0.547655361,0,0.224628711
100,39,DD,DC,0,0,0.007017895,0.558161787,0,0.048833487
104,41,CC,CD,0.66792222,0.005483856,1.247358737,0.216254877,0.512605144,0.344385898
104,42,CD,DC,0.232355395,0.015039905,0.619476829,0.385616325,0.319812266,0.254885023
104,43,DC,CD,0.188689125,0.133390438,0.571722528,1.273971421,0.626023676,1.150621916
104,44,CD,DD,0.142237041,0.128100183,0.243470177,1.598612877,0.660828795,1.467329442
104,45,DD,CC,0.593175142,0.116314331,0.756420175,1.023148969,0.839494035,1.025336566
104,46,CC,CD,0.07814308,0.003496656,0.082053074,1.316055745,0.50292138,1.147371876
104,47,CD,DD,0.285376334,0.001995942,0.178198116,1.116757053,0.661373901,0.940794349
104,48,DD,CC,0.244961694,0.015948505,0.287056615,1.102064135,0.718543108,0.978969821
104,49,CC,DD,0.17909847,0.016964168,0.113294722,1.330002815,0.612458223,1.030792926
105,51,CC,DC,0.699378123,0.313577029,0.244133717,0.344322102,0.526736945,0.391045387
105,52,DC,CD,0.177329447,0.463159832,0.130772408,0.427905885,1.053503956,0.810232824
105,53,CD,DC,0.577862058,0.224912466,0.064687662,0.807571386,0.970396731,1.216157286
105,54,DC,DD,0.812181687,0.04702295,0.141991258,0.85978922,0.727885303,0.773450754
105,55,DD,CC,1.824364447,0.000908405,0.828473902,0.644603637,1.024252267,0.957564155
105,56,CC,DC,1.134232809,0.706911971,0.334220492,0.318357565,0.274079861,0.493145345
105,57,DC,DD,0.789540245,0.616001596,0.078920686,0.495712962,0.0673533,0.556460216
105,58,DD,CC,0.785051538,0.596068983,0.025793471,0.777402456,0.020283946,0.867565618
105,59,CC,DD,1.522935012,0.126853404,0.17403319,0.352792775,0.160985851,0.540940056
106,63,DC,DC,1.036644618,0.088776779,0,0.912613996,0.445752732,1.087746712
106,64,DC,DC,1.0068499,0.398305345,0.015552497,0.800319152,0.387866104,1.044126494
112,81,CC,CC,0.365596143,0.576502398,0.059810731,0.273594328,0.029177813,0.520890643
112,82,CC,CC,0.237887912,0.364514916,0.00335513,0.445127401,0,0.433576147
112,83,CC,DC,0,0.181724563,0.202573154,0.202514189,0,0.010753533
112,84,DC,CC,0.574152666,0.46588163,0.022352043,0.981448281,0.112240561,0.354350463
112,85,CC,CD,0.011550254,0.357270894,0.311481825,0.368886996,0,0.058407701
112,86,CD,CC,0.197346933,0.992778548,0.116812362,0.083293574,0,0.051846305
112,87,CC,DC,0.022824083,0.194813626,0.291917948,0.503515476,0,0.00239065
112,88,DC,CC,0.708717538,0.074447151,0.401662558,0.241396593,0.066620697,0.096233209
112,89,CC,DD,0.187896924,0.097312052,0.013830032,0.841856447,0,0.042777249
113,91,CC,CC,1.530016451,0.170707452,1.452074833,0.10495084,0.402685592,0.383001395
113,92,CC,CC,0.846200853,0.794276069,0.942926731,0.156152548,0.246562304,0.416898291
113,93,CC,CD,0.920028733,0.676519378,0.836918206,0.157130284,0.213056644,0.425446814
113,94,CD,CC,1.402903275,0.214787281,1.032897966,0.284174335,0.47964556,0.375823243
113,95,CC,DC,1.353936024,0.265074699,1.304400057,0.200072533,0.447997109,0.678438883
113,96,DC,CC,1.550885372,0.341827778,1.627697295,0.075240409,0.437819233,0.431210196
113,97,CC,CD,0.625445101,0.595837903,0.964473149,0.304298111,0.285291532,0.66464074
113,98,CD,CC,1.544971535,0.504531531,1.201051237,0.084194345,0.337792987,0.365881487
113,99,CC,DD,0.085188604,0.408163158,0.066155341,0.99619158,0.076699227,0.885556935
114,101,DC,DC,0.485482576,0,0.242099327,0.252970279,0.608057727,0.260046309
114,102,DC,DD,0.545439126,0,0.19148003,0.054518092,0.533404665,0.182530484
114,103,DD,DD,0.678141216,0,0.219267525,0.049572061,0.410082948,0.246009981
114,104,DD,DD,0.66235299,0.016751945,0.396355221,0.390633426,0.300730928,0.196763824
114,105,DD,DD,0.459782886,0,0.234301549,0.73572624,0.419750777,0.281514014
114,106,DD,DD,0.580003491,0.008674007,0.509083589,0.666904257,0.225887736,0.188996686
114,107,DD,DD,0.694664719,0.007314772,0.430345872,0.560806388,0.289581622,0.357060868
114,108,DD,DD,0.490634011,0,0.309935947,0.602757657,0.346616375,0.373156606
114,109,DD,DD,0.294506732,3.28E-05,0.143947123,0.583047398,0.286955795,0.191494603
115,111,CD,CD,0.647555888,2.231294294,0.551166109,0.260419024,0.943697964,0.280680378
115,112,CD,DD,0.361130635,2.196607204,0.386989141,0.187817417,0.784087298,0.225129321
115,113,DD,DD,0.685469073,2.198802854,0.512089354,0.018616591,1.081722695,0.304158806
115,114,DD,DD,0.637648291,2.17182955,0.403307669,0.015769861,1.122357094,0.330671488
115,115,DD,DD,0.426028034,2.083974597,0.447346979,0.048170207,0.958821,0.235897459
115,116,DD,DD,0.078382934,2.42310662,0.166394464,0.252287873,0.559596723,0.235054495
115,117,DD,DD,0.144351173,2.308355727,0.147321055,0.328932686,0.601650597,0.163007092
115,118,DD,DD,0.156235211,2.283672528,0.19176704,0.319926992,0.72103646,0.198594048
115,119,DD,DD,0.130583276,2.094304121,0.166482989,0.350016634,0.699935378,0.054580728
120,121,CC,DC,0.224783419,0,0.006354008,0.540949291,0.716855236,1.014060829
120,122,DC,DC,0.693100586,0,0.010418052,0.541605045,1.426817246,1.63361025
120,123,DC,DD,0.356261132,0,0.00032395,0.18820821,1.219590579,0.661464483
120,124,DD,CD,0.421014232,0,0.005827346,0.266652689,1.366255149,1.050253888
120,125,CD,DD,0.346522336,0.002703298,0,0.248098268,1.154241337,0.931886853
120,126,DD,DC,0.373189738,0,0,0.457477444,1.145461495,1.10394344
120,127,DC,DD,1.119130334,0,0.599120649,0.322888386,1.004139932,1.332947575
120,128,DD,DD,0.836243076,0,0.398361854,0.368975097,1.213523798,1.270921795
120,129,DD,DD,0.67773378,0,0.313163197,0.357117365,1.431275107,1.356581393
121,131,CD,DD,0.016283368,0.383221883,0.014599642,0.035201175,0.055319347,0.313307402
121,132,DD,DD,0.09097812,0.264303288,0.094422972,0.063438727,0.24930578,0.440506507
121,133,DD,DD,0.030873496,0.200922485,0.004333067,0.281920131,0.120874477,0.456072783
121,134,DD,DD,0.177692694,0.322014093,0.01332592,0.227159666,0.158384822,0.331623792
121,135,DD,DD,0.134621439,0.208308499,0,0.393016837,0.090601695,0.318872579
121,136,DD,DD,0.016428742,0.302959393,0,0.497707392,0.031632886,0.444686153
121,137,DD,DD,0.051079811,0.425156875,0.000130084,0.117424648,0.085209655,0.233592209
121,138,DD,DD,0.030233936,0.30320142,0,0.402840027,0.066941073,0.432000188
121,139,DD,DD,0.026960536,0.425080495,0.00021543,0.254727698,0.054500304,0.379821273
122,141,CC,CD,0.000114371,0.003894656,0.022741448,0.133866129,0.000144858,0
122,142,CD,CD,0.300490629,0.004089733,0.156103879,0.377815874,0.153066509,0.018532139
122,143,CD,DD,0.021414552,0,0.000850126,0.465097359,0.017591766,0
122,144,DD,DC,0.076093833,0.000276711,0.07947984,0.198835429,0.044323635,0.017421726
122,145,DC,DD,0.003792594,0,0.00325305,0.19635991,0.005045321,0.000323627
122,146,DD,CD,0.328105671,0.000392884,0.037359277,0.331807009,0.136474544,0.014659559
122,147,CD,DD,0.73432455,1.53E-05,0.580743373,0.401389002,0.265353202,0.171651788
122,148,DD,DD,0.464001987,0.016329564,0.396319061,0.360420748,0.166591644,0.112765052
122,149,DD,DD,0.102300805,0,0.005908207,0.399182217,0.078912216,0.000322193
125,151,DC,DD,0.533466852,0.980251506,0.063368011,0.697985419,0.173401311,1.775173625
125,152,DD,DD,0.229728043,1.006923066,0.443866539,0.437605291,0.328688995,1.104082231
125,153,DD,DD,0.154618459,0.915970156,0.655162425,0.387520736,0.490079527,0.96879337
125,154,DD,DD,0.271152242,0.835116398,0.560562947,0.506451944,0.376317302,1.181232605
125,155,DD,DD,0.387603147,0.519929465,0.399920923,0.575180762,0.366942811,1.300377892
125,156,DD,DD,0.280469219,1.425334511,0.056516874,0.529558948,0.101545944,0.975882727
125,157,DD,DD,0.02599932,1.015453525,0.337313711,0.247964082,0.117608434,0.430713686
125,158,DD,DD,0.051494376,0.764103248,0.420767074,0.248815456,0.204473788,0.52037238
125,159,DD,DD,0.003826707,1.345143253,0.1422585,0.270520865,0.04541559,0.344761876
128,161,DC,DC,0,0,0.218126506,0.360417456,0.000322849,0.278138649
128,162,DC,CD,0,0,0.429718208,0.56157357,0.002235262,0.302029329
128,163,CD,DC,0,0,0.503629936,0.613809814,0,0.315933378
128,164,DC,DD,0,0,0.442157624,0.393083054,0,0.225991324
128,165,DD,CD,0,0,0.524014968,0.376345784,0.018047531,0.245919215
128,166,CD,CC,0,0,0.443296265,0.704264661,0.003777972,0.486500461
128,167,CC,CC,0,0,0.419307388,0.87051042,0.000315695,0.525628503
128,168,CC,DC,0,0,0.327000295,1.172989963,0.000213149,0.317964918
128,169,DC,DC,0,0,0.411554281,0.977248718,0.00493431,0.34599912
129,171,CC,CC,0.404929785,0,0.226460652,0.646630883,0.334384364,0.242701407
129,172,CC,CD,1.451957336,0.164107236,0.957912032,0.072054734,0.847087624,0.507583338
129,173,CD,CC,1.414350068,0.125719696,0.645361017,0.998319431,0.403883087,0.592135724
129,174,CC,CD,1.669661097,0,0.683244001,0.325560054,0.637963537,0.768137227
129,175,CD,DC,0.593961319,0.002573654,0.400579494,0.610548315,0.220998415,0.560566912
129,176,DC,CD,1.062324668,0,0.355404965,0.260713316,0.306496151,0.287134035
129,177,CD,CC,1.579985722,0,0.466893098,0.293113202,0.507537134,0.583496822
129,178,CC,CC,1.367127707,0.035517494,0.808369386,0.178625798,0.644078211,0.382309925
129,179,CC,CD,0.502685736,0.043290551,0.837849123,0.364662321,0.423061679,0.453768108
130,181,CD,CD,0.047580992,0.173479186,0.220673612,0.330716462,0.035187948,0.203842085
130,182,CD,DC,0.108148062,0,0.037433181,0.065685885,0.146224044,0.018097082
130,183,DC,CD,0.079392876,0.004768732,0.200184344,0.08862987,0.124405897,0.150464038
130,184,CD,DD,0.055347073,9.74E-06,0.150701197,0.051096146,0.095664575,0.075857541
130,185,DD,DC,0.06153744,0.000853407,0.131292599,0.02835723,0.092818258,0.040741374
130,186,DC,CC,0.049805715,0.002176237,0.132911465,0.159154815,0.066383311,0.021217523
130,187,CC,CC,0.097167151,0.000713682,0.092036843,0.020429561,0.136848058,0.052102151
130,188,CC,CD,0.103096206,0.006557498,0.115063183,0.02267489,0.147064572,0.07074696
130,189,CD,CD,0.111609314,0.001204679,0.039323624,0,0.166074772,0.026109561
131,191,CC,CC,0.79322954,0,0.01682972,0.637017798,0.151080951,0.061044093
131,192,CC,DC,0.887207202,0.000220419,0.375638095,0.484382928,0.156396627,0.066621082
131,193,DC,CC,0.730847135,0.129596989,0.068685264,0.50677153,0.062092423,0.112812618
131,194,CC,DC,0.741726722,0.087113471,0.089319813,0.466801125,0.113058754,0.168560712
131,195,DC,CD,1.233601211,0,0.155666113,0.175514225,0.095971251,0.174132633
131,196,CD,DC,0.896493228,0.083685431,0.04660087,0.93528266,0.069762858,0.239790835
131,197,DC,CC,1.088615948,0.000572413,0.143173368,0.369956867,0.040100951,0.276461071
131,198,CC,CC,1.217505178,0,0.240904553,0.124156196,0.050671742,0.066933972
131,199,CC,DC,1.225156219,0,0.155155624,0.218092726,0.041908959,0.076566061
136,201,CC,CC,0.249159224,0.000767569,0.571369633,1.078516118,0.152222076,0.151479661
136,202,CC,CC,0.737338863,0.048727513,0.894341056,0.378150831,0.456787353,0.349334083
136,203,CC,CC,1.031385738,0.048226362,0.908925442,0.37045075,0.408493159,0.505663826
136,204,CC,CC,0.365170693,0.025636232,0.533550957,0.680375571,0.365315122,0.466276752
136,205,CC,CC,0.228012357,0.053803222,0.663779809,0.562705665,0.688611638,0.39386361
136,206,CC,CC,3.00E-05,0,0.298882725,0.737656713,0.345569059,0.060535489
136,207,CC,CC,0.122512885,0.114020358,0.243508816,0.766232657,0.696336304,0.672124067
136,208,CC,CC,0.007890121,0.072710769,0.749752721,0.674046264,0.147049017,0.139188297
136,209,CC,CC,1.483305229,0.020382809,1.153965486,0.331564016,0.317389594,0.47607592
138,221,DC,DC,0.399636387,0.000578135,0.16431874,0.131385301,0.983940958,0.01296145
138,222,DC,DD,0.417230922,0,0.091132644,0.30102334,1.022551668,0.006544706
138,223,DD,DC,0.480147868,0,0.082355714,0.17704931,1.112977963,5.02E-06
138,224,DC,DD,0.431818068,0,0.073893564,0.191887767,1.048421549,0.000486795
138,225,DD,DD,0.439076153,0.022808196,0.037356033,0.306939849,1.079019849,0.010366384
138,226,DD,DD,0.103914522,0.272416117,0.040514315,0.047427034,0.705229439,0.037942237
138,227,DD,DD,0.392665215,8.08E-05,0,0.573393809,0.848287948,0.119104374
138,228,DD,DD,0.410731627,0,0,0.628717676,0.811924178,0.155972935
138,229,DD,CD,0.423997931,0,0.000176377,0.605979701,0.820324185,0.183031362
139,231,CC,CC,0.085421098,0.004537151,0.464012046,0.784752073,0.00798642,0.027847502
139,232,CC,CC,0.205005285,0.005380217,0.556418725,0.969687857,0.002820862,0.003935957
139,233,CC,CC,0.373355548,0.013669685,0.546731698,0.822106839,0.042077964,0.075049139
139,234,CC,CC,0.146806368,0.004341706,0.392205042,1.115584451,0.045164615,0.081967604
139,235,CC,CC,0,0.067263513,0.358025158,0.228818609,0.054505464,0.443168538
139,236,CC,CC,0,0.039871238,0.412405537,0.045523205,0.035699167,0.230633928
139,237,CC,CC,0,0.151414798,0.504915852,0.047201579,0.064646109,0.175839212
139,238,CC,CC,0,0.124021124,0.361442927,0.171899727,0.182105024,0.433384035
139,239,CC,CC,0,0.077839919,0.435700909,0.542478636,0.194608029,0.246764056
144,241,CC,CD,1.750209175,0,0.886826513,0.321678778,0.293204125,0.020493316
144,242,CD,CC,1.789700386,0.130206003,1.494111155,0.039525731,0.363281406,0.070273993
144,243,CC,DC,1.166452917,0,0.487625342,1.276372454,0.295349744,0.281023882
144,244,DC,CD,1.997218224,0.037586225,1.842806983,0.012035849,0.445056794,0.029262508
144,245,CD,DD,1.990275125,0.000327822,1.407942516,0.079202073,0.384595549,0.024957099
144,246,DD,DD,1.682869073,0,0.417068756,0.264957766,0.261753162,0.004555016
144,247,DD,CD,2.095642685,0.049075107,1.390114742,0.117949953,0.454581537,0.006587964
144,248,CD,DD,2.369645324,0.000337437,0.995628982,0.38076837,0.426056733,0.146566114
144,249,DD,DD,2.551381194,0,0.84780729,0.162914911,0.402159768,0.077169704
145,251,DC,DC,0.670847047,0.49548995,1.104609969,0.111284508,0.127789833,0.629208404
145,252,DC,DC,0.574974442,0.42928163,1.188365476,0.115621338,0.149716942,0.809653011
145,253,DC,DC,1.442050874,0.05917345,1.143340739,0.049601409,1.231394387,0.66510408
145,254,DC,DD,0.379114033,0.584777802,0.81482849,0.315341829,0.235064128,0.663708415
145,255,DD,DC,0.239564435,0.58042945,0.71923414,0.456615713,0.122790706,0.981356395
145,256,DC,DD,0.317607102,0.468073045,0.843234945,0.442595252,0.13701436,1.104720894
145,257,DD,CC,0.598488319,0.354890368,0.971637918,0.258793185,0.227596623,1.101115716
145,258,CC,DD,0.931770081,0.130098545,1.049973071,0.145009567,0.352027574,1.011787676
145,259,DD,CC,1.420688454,0.019266047,1.180329182,0.025872625,0.815279689,0.584568751
146,261,CC,DC,0.620948317,0.181236308,0.099737529,0.620981665,0.240500036,0.530488698
146,262,DC,CC,0.828898438,0.150570917,0.166986612,0.086503802,0.431440987,0.266137863
146,263,CC,CD,0.777859315,0.324689017,0.115800729,0.122664241,0.335385042,0.28526799
146,264,CD,DC,1.1174338,0.382580405,0.313199379,0.119961116,0.400073201,0.314091644
146,265,DC,DD,1.288722685,0.200701157,0.32136853,0.027041395,0.483728314,0.162935618
146,266,DD,DD,0.590181109,0.088879662,0.096395061,0.550505459,0.332016065,0.606034091
146,267,DD,DC,0.979471432,0.13062144,0.069459575,0.618791258,0.427879644,1.279004901
146,268,DC,DD,1.285761516,0.191431411,0.293436993,0.040262955,0.467433242,0.303060161
146,269,DD,DD,1.430568804,0.143387077,0.351716418,0.154588051,0.627747424,0.462340461
147,271,CD,CD,0.328190106,0.223067033,0.009800019,1.061497316,0.151448901,0.387030461
147,272,CD,CD,0.376211308,0.260372677,0.089301288,1.079922689,0.170134945,0.502769885
147,273,CD,CD,1.370056714,0.072381902,0.163876417,0.386257366,0.694778125,0.69509054
147,274,CD,DD,0.837135177,0.07356849,0.062075286,0.563076064,0.421198742,0.696875951
147,275,DD,CD,0.3850518,0.256204483,0.105055199,0.669865711,0.233264224,0.74513121
147,276,CD,DD,0.18718983,0.19684942,0.008419596,3.798528105,0.008027688,1.143601152
147,277,DD,CC,0.415326583,0.342141624,0.253273909,2.703173169,0.003728593,0.81786199
147,278,CC,DD,0.703961799,0.248967957,0.645579053,0.514544066,0.178733984,0.292558951
147,279,DD,CC,1.347579964,0.088061612,0.39547455,0.262590828,0.785681607,0.49288697
152,281,CD,DD,1.15363134,0,0.090427764,0.205434341,1.823845414,0.563028985
152,282,DD,DD,1.759020652,0,0.0882679,0.120345153,1.825877767,0.561634736
152,283,DD,CD,2.072971202,0,0.096867175,0.143018421,1.844486722,0.656084542
152,284,CD,DD,1.873063276,0,0.097326236,0.186674177,1.938350185,0.695103468
152,285,DD,DD,1.869677874,0,0.235973791,0.092327903,2.136647537,0.631861945
152,286,DD,DD,0.981498659,0,0.002265764,0.61635726,1.43657177,0.654201334
152,287,DD,CD,0.970726381,0.00066236,0.012945206,0.61142434,1.239735904,0.659233931
152,288,CD,DD,1.161901886,0,0.027695658,0.539844714,1.770629747,0.813260496
152,289,DD,DD,1.132724572,0,0.021177879,0.619630667,2.26107134,0.926982321
153,291,DC,DD,0.092387502,0.883660298,0.081465513,0.645233528,0.006201551,0.213306522
153,292,DD,DD,1.188069443,0.691100416,0.558963381,0.390778922,0.157533692,0.226121706
153,293,DD,DC,1.310821731,0.484470295,0.348006288,0.553702606,0.144019096,0.580441805
153,294,DC,DD,0.917663706,0.574069802,0.014028221,0.576395996,0.127374719,0.337517947
153,295,DD,DD,1.010960876,0.346177419,0.02598778,0.652928103,0.135293409,0.398054204
153,296,DD,DD,0.002634749,0.484248037,0.053772796,0.577588505,0,0.318662149
153,297,DD,DC,0.000977262,0.59910249,0.106747073,0.631735214,0,0.349188577
153,298,DC,DD,0.041405525,0.898899682,0.092133576,0.883838995,0.000752635,0.249730873
153,299,DD,DD,0.010559539,0.931265946,0.103869955,0.698122097,0,0.167806197
154,301,CD,DD,0.430710863,0.012589675,0.937332449,0,1.348232777,1.024821737
154,302,DD,CD,0.37104827,0.044534201,0.956825815,0,1.379293771,0.990055868
154,303,CD,DD,0.370464006,0.042714462,0.87392267,0.000191882,1.292421667,1.090651339
154,304,DD,DD,0.269108529,0.400125337,0.876240959,0.043859011,0.882057199,1.091770965
154,305,DD,DD,0.160134711,0.671162546,0.905349927,0.08931805,0.571682079,0.851545895
154,306,DD,DD,0.398834696,0.001902827,0.820826963,0,1.21124813,1.015706304
154,307,DD,DD,0.331786779,0.030826702,0.736449225,0.053510175,1.031590586,1.079139298
154,308,DD,DD,0.315349688,0.033940153,0.767118149,0.023242203,0.986663804,1.100003585
154,309,DD,DD,0.345664858,0.015668195,0.791862989,0.033182414,1.08368397,1.064665336
156,311,DC,DD,0.150519458,0.693383087,0.556257238,0.028262119,2.252570265,0.352340472
156,312,DD,DC,0.121872931,0.443967873,0.407710485,0.003014346,1.959994252,0.115278507
156,313,DC,DD,0.096556223,0.316747134,0.327013403,0.001401945,1.662249958,0.052313278
156,314,DD,DD,0.091632372,0.413503912,0.531743638,0.056808183,1.799336258,0.081453438
156,315,DD,DD,0.06098404,0.337624903,0.477772241,0.06348918,1.575765827,0.094054639
156,316,DD,DD,0.111163734,0.661605085,0.759198752,0.066410324,1.976913083,0.32668376
156,317,DD,DD,0.064698119,0.559107079,0.817770811,0.068991791,1.597422447,0.352705463
156,318,DD,DD,0.109292865,0.457073659,0.909468937,0.013957404,1.792019264,0.210492181
156,319,DD,DD,0.11222285,0.540571342,1.050632006,0.000827044,2.002196074,0.256593478
160,321,CC,CC,1.278919685,2.032599427,0.02591394,0.714772491,0.015505446,0.519396032
160,322,CC,CC,1.071957082,1.617006842,0.032052483,0.810088959,0.012476111,0.436341104
160,323,CC,CC,1.365471001,1.369518161,0.001057317,0.814017874,0.008710034,0.321810166
160,324,CC,CC,1.263417233,1.226202692,0.000157238,0.94199129,0.001363397,0.325243872
160,325,CC,CC,0.315548794,1.255839654,0.039445409,0.705502626,0.078012124,0.235085425
160,326,CC,CC,0.400914431,1.767353338,0.009361296,0.661567805,0.023701191,0.31330335
160,327,CC,CC,0.865246262,1.624823635,0.014175242,0.979366443,0.014070328,0.508186046
160,328,CC,CC,0.460836581,1.409528727,0.013570032,0.931727926,0.025590968,0.392841978
160,329,CC,CC,1.141643615,1.688274521,0.001995476,1.007299911,0.002986749,0.50268058
161,331,CC,CC,0.594719072,0.478799056,0.161234178,0.995234004,0.081093931,0.086065999
161,332,CC,CC,0.436871863,0.0821485,0.112821673,1.169591714,0.075034483,0.066343157
161,333,CC,CC,0.193124814,0.414980839,0.155574139,0.951983317,0.027991895,0.127636221
161,334,CC,CC,0.185012831,0.030623999,0.148816398,1.10564837,0.041384688,0.105880449
161,335,CC,CC,0.076278902,0.152017111,0.12157499,1.158353036,0.023332781,0.093819787
161,336,CC,CC,0.084207365,0.049010231,0.055387679,1.442496462,0,0.200779091
161,337,CC,CC,0.258416078,0.046271516,0.165446876,1.249224597,0.040348701,0.145792464
161,338,CC,CC,0.084623603,0.043370742,0.162031773,1.339610964,0.000212258,0.141141157
161,339,CC,CC,0.270574068,0.008354051,0.151653635,1.210850032,0.029985729,0.146974781
162,341,CD,DC,0.037759657,1.354428292,0.117793692,0.68117109,0.367721207,0.101603178
162,342,DC,CD,0.007420104,0.919403519,0.270947059,0.775136964,0.619485617,0.100743079
162,343,CD,DD,0.013171157,0.989017051,0.299573593,0.873205137,0.651211074,0.019438542
162,344,DD,CC,0.019569804,0.985698439,0.1430082,0.805126644,0.372197304,0.321752964
162,345,CC,DD,0.068495166,1.412718456,0.002379301,1.097342962,0.103644293,0.664111726
162,346,DD,DC,0.075551627,1.887938163,0.010499674,0.9167862,0.161412302,0.202876557
162,347,DC,DD,0.027031954,1.030178756,0.22466062,0.566219985,0.808082264,0.049021087
162,348,DD,DD,0.004962081,1.096503994,0.235626165,0.377778398,0.819146922,0.013150775
162,349,DD,DD,0.006240728,1.177789301,0.427390592,0.471131551,0.840040458,0
163,351,DC,CD,0.141444916,1.133877982,0.057197132,1.644872464,0,0.461416018
163,352,CD,DC,0.00030399,1.385551917,0.152837307,0.396014286,0,0.102984966
163,353,DC,DD,1.96E-05,1.933820885,0.500380299,0.016482569,0.003745022,0.031294056
163,354,DD,CC,0.010674523,1.746655966,0.217734439,0.216871202,0.032205675,0.068842879
163,355,CC,DD,0.018012135,1.556966287,0.295422231,0.480394471,0.044300766,0.094533687
163,356,DD,CD,0.467486382,1.619934247,0.14849909,0.496118311,0.078951129,0.189519558
163,357,CD,DD,0.009088044,2.208078224,0.94675265,0.092899724,0.027150471,0.019964327
163,358,DD,DD,0,2.020192008,0.300092364,0.020466256,0,0.004320435
163,359,DD,DD,0,2.171371616,0.634199221,0.069911733,0.000415914,0.08245607
168,361,CC,CC,1.196595791,0.000939782,0.078108424,0.35505882,0.259830863,0.066296241
168,362,CC,CD,1.078961519,0,0.038543732,0.426224473,0.210131088,0.114134774
168,363,CD,DC,0.612647298,0.363930836,0.021026474,0.443145103,0.238902215,0.043287226
168,364,DC,CD,0.285733194,0.156553656,0.008426148,0.341027301,0.053778935,0.05749193
168,365,CD,CD,0.418469194,0.028975881,0.012329327,0.110693882,0.212138384,0.137885965
168,366,CD,CC,0.622419226,0.022507341,6.27E-06,0.326679632,0.21865652,0.2435987
168,367,CC,CD,0.759741445,0.015567186,0.00246118,0.109260555,0.283400656,0.185367609
168,368,CD,DD,0.593891135,0.035487961,0.00632968,0.080882658,0.249340879,0.057966528
168,369,DD,DC,0.250301821,0.035438692,0.002552852,0.115616655,0.147593308,0.027757624
169,371,CC,CC,0.157023125,0.186404212,0.657411214,0.166174693,0.082245808,0.053065166
169,372,CC,DC,0.065329526,0.203578695,0.638235256,0.098511638,0.032499419,0.129376749
169,373,DC,CD,0.178710694,0.257746978,0.759054471,0.100676159,0.096512371,0.185395777
169,374,CD,DC,0.110293969,0.699622602,0.684854485,0.08672471,0.105128043,0.170244522
169,375,DC,DC,0.295165563,0.336439409,0.826020179,0.100012073,0.12006111,0.272606405
169,376,DC,CC,0.434410131,0.364013936,0.954857198,0.034343162,0.176875781,0.187837919
169,377,CC,DC,0.489693117,0.376997748,0.949096282,0.031376277,0.187254216,0.287983041
169,378,DC,DD,0.335801169,0.342219933,0.955081118,0.040936259,0.159168987,0.302824145
169,379,DD,CD,0.146140285,0.269363098,0.891880189,0.024251284,0.118286743,0.263536776
170,381,DD,DC,0.322775371,0,0.131422762,0.056258443,0.413455533,0.047206543
170,382,DC,DD,0.013627803,0,0.036120626,0.026152497,0.462849783,0
170,383,DD,DD,0.014532561,0,0,0.002326389,0.640454342,0
170,384,DD,DD,0.089519137,0.034144834,0.312727934,0.115721881,0.827313751,0.111156191
170,385,DD,DD,0.012764001,0.004412251,0.084368962,0.121972887,0.58694167,0.004072318
170,386,DD,CD,0.05521284,0,0.015627988,0.187443376,0.76851441,0.011592085
170,387,CD,DD,0.011252809,1.42E-05,9.95E-05,0.005634697,0.559799594,0
170,388,DD,DC,0.041773615,0.071086943,0.219536105,0.017283595,0.573792022,0.007774012
170,389,DC,DD,0.028927259,0,0.208721193,0.018463463,0.605469553,0.021331789
171,391,DD,CD,0.546581536,0.321737688,1.25969944,0.000496894,0.078210945,0.180360931
171,392,CD,DD,0.183739701,0.265602707,0.807368758,0.035989956,0.179463142,0.332196579
171,393,DD,DD,0.007679378,0.431200854,0.568393398,0.005445333,0.03487106,0.26518123
171,394,DD,DD,0.022423506,0.11042961,0.204607165,0.197070356,0.02829082,0.147660721
171,395,DD,DD,0.317508472,0.328972997,1.209012703,0.018392071,0.113560807,0.238467715
171,396,DD,DC,0.115897538,0.247328213,0.654044768,0.003500414,0.099771066,0.166815133
171,397,DC,DD,0.101710985,0.276492855,0.793812524,0.026090321,0.114925014,0.259782864
171,398,DD,CD,0.070173887,0.330908249,1.084643556,0.018554831,0.083146671,0.255159105
171,399,CD,DD,0.004051672,0.099658963,0.412506981,0.341683871,0.003350308,0.263208141
176,401,CC,CD,1.256226644,0.020048457,0.003905054,0.080683979,0.399068705,0.073705545
176,402,CD,DC,0.738684215,0.048867501,0,0.198703176,0.269533445,0.029043042
176,403,DC,CC,0.455841138,0.497473088,0.000286023,0.346907681,0.139306855,0.058105446
176,404,CC,CD,0.813628942,0.04147411,5.73E-05,0.224651118,0.277649218,0.106513705
176,405,CD,CC,0.596299114,0.083898069,0,0.167187779,0.268867714,0.071356362
176,406,CC,CC,0.521066357,0.004374491,0,0.111407874,0.326458692,0.107229055
176,407,CC,CD,0.538953138,0,0,0.112786422,0.279363824,0.119774342
176,408,CD,CC,0.325057323,0.000734424,0,0.109144318,0.216690426,0.10142901
176,409,CC,CC,0.396822266,0,0.001360474,0.172384448,0.206024179,0.145056319
177,411,CC,DC,0.006304139,1.759618598,0.120596113,0.608758137,0.414727593,0.286197907
177,412,DC,CD,0.000230851,1.686485226,0.314186184,0.695056555,0.285827167,0.271629505
177,413,CD,CC,0,1.832735855,0.651154989,0.466679715,0.37813264,0.073287534
177,414,CC,DC,0.056346271,1.746059955,0.724034999,0.653631239,0.347097028,0.139682473
177,415,DC,CC,0.065212173,1.414038515,0.528172602,1.621143324,0.409299654,0.650154379
177,416,CC,CC,0.035322422,1.586840027,0.548442498,1.227407407,0.218223381,0.404837035
177,417,CC,DC,0.036217065,1.299108733,0.482161437,1.544011363,0.03085005,0.620171775
177,418,DC,CC,0.019375446,1.407136599,0.643332915,1.196036936,0.018709493,0.550957529
177,419,CC,CC,0.002186012,1.536985718,0.707215242,0.293042032,0.104193052,0.060365729
178,421,CC,CC,0.934352505,0.132468672,0.055365564,0.079079595,0.135607057,0.103041144
178,422,CC,CC,1.767533877,0,0.170159364,5.11E-05,0.238156758,0.333502411
178,423,CC,CC,1.48546562,0.733677875,0.080127775,0.294895325,0.16593349,1.172970208
178,424,CC,CC,1.5521635,0,0.046949657,0.004198449,0.200605355,0.515458275
178,425,CC,CC,1.173037231,0,0.006217655,0.110382462,0.089843145,0.633667941
178,426,CC,CC,1.273370781,0.000609852,0.371886218,0.33103722,0.196077225,0.227001579
178,427,CC,CC,2.303553296,0,0.884907038,0.000948616,0.322957632,0.393444205
178,428,CC,CC,1.412939214,0.001229339,0.115538926,0.160249549,0.175473998,0.364207994
178,429,CC,CC,1.761684263,0.000813015,0.29079564,0.046434844,0.267108589,0.492190248
179,431,CC,CC,0.144982086,2.009014154,1.103351061,0.005626287,0.577641563,0.463910942
179,432,CC,CC,0.150508422,1.849822998,1.721801311,0.005051759,0.686720287,0.209337265
179,433,CC,CC,0.109453993,1.888497108,1.804739288,0.009935576,0.70191017,0.274540607
179,434,CC,CC,0.143292525,1.819703324,2.198165536,0.00257691,0.768053284,0.264751172
179,435,CC,CC,0.020550108,2.063049138,2.728773561,0.023419661,0.446178587,0.059275695
179,436,CC,CC,0.148154881,1.883456063,1.907378375,0.015520293,0.708370109,0.2772241
179,437,CC,CC,0.091757295,2.084075993,2.715190769,0.013907086,0.612004461,0.305452644
179,438,CC,CC,0.037072836,1.651768564,1.725006543,0.004276069,0.619294516,0.215716033
179,439,CC,CC,0.064779583,2.016782811,1.951681483,0.0155776,0.594429816,0.202241624
184,441,CC,CC,0.409822173,0.244024849,0.340487612,0.302754994,0.412372193,0.887887205
184,442,CC,CC,0.34836052,0.153834837,0.32016713,0.263340723,0.407992916,0.77000813
184,443,CC,CC,0.350818953,0.030524369,0.413672004,0.268786908,0.519364011,0.750854904
184,444,CC,CC,0.392493272,0.006553976,0.435735549,0.307309503,0.542782577,0.779806561
184,445,CC,CC,0.428227248,0.092267497,0.353712947,0.317197723,0.554865698,0.972557336
184,446,CC,CC,0.563533854,0.194624101,0.307838059,0.345672854,0.436854968,0.976757211
185,451,CC,CC,0.318574012,0,9.13E-07,1.091761366,0.754121251,0.287343654
185,452,CC,CC,0.469881794,0.009375706,0.027764252,0.912790317,0.669307797,0.276877996
185,453,CC,CC,0.28918648,0,0.012352679,1.006635974,0.611737096,0.142969144
185,454,CC,CC,0.150000199,0,0.010827965,0.972798622,0.585111426,0.061196106
185,455,CC,CC,0.091828992,0,0.001954036,0.923702373,0.408805969,0.0970551
185,456,CC,CC,0.410298215,0,0.040767401,0.612460035,0.503084496,0.199813268
185,457,CC,CD,0.350698259,0,0.03046801,0.544217835,0.658129534,0.259516259
185,458,CD,CC,0.461319982,1.25E-05,0.046147803,0.630138553,0.724930127,0.17334064
185,459,CC,DC,0.363043241,0.001759212,0.032078022,0.550572611,0.308533515,0.176934045
188,461,CC,CC,0.633546701,0.000223203,0,0.638568092,0.471370903,0.349174958
188,462,CC,CD,1.186123018,0.000148314,0.060491313,0.513804644,0.534688113,0.206771561
188,463,CD,CC,1.801247524,0,0.167286836,0.320193856,0.664039427,0.348755163
188,464,CC,DD,0.64795856,0,0.026742858,0.684818496,0.504443284,0.151290512
188,465,DD,CD,1.309525398,0.004641034,0.121248786,0.342025247,0.509891235,0.231741029
188,466,CD,DC,1.347586952,0.001854479,0.132570535,0.387275953,0.47278266,0.196918709
188,467,DC,DD,0.695488079,0.00046397,0.027543366,0.500013027,0.481395941,0.143381643
188,468,DD,DD,1.397930045,0,0.10943659,0.213877722,0.579612757,0.135539842
188,469,DD,CD,1.47449304,0,0.209649823,0.374900195,0.464994582,0.27138827
189,471,CC,CC,0.986897257,0.020057008,0.032103533,0.500160583,0.251142336,0.091395945
189,472,CC,DC,1.093115876,0.101803482,0.000659183,0.660780934,0.135569321,0.215990281
189,473,DC,CC,1.006531386,0.004023833,0.149280594,0.318062249,0.262823042,0.136149824
189,474,CC,DD,0.062104074,0.022180328,0,0.369582441,0.129414357,0.001836922
189,475,DD,DC,0.222673744,0.155289051,0.023027742,0.463886681,0.484731645,0.333800381
189,476,DC,CD,0.416654318,0.056443181,0.016175041,0.440636051,0.207243421,0.226343347
189,477,CD,DD,0.478464017,0.036189649,0.009388367,0.483592181,0.110841149,0.165434484
189,478,DD,DD,0.341050756,0.025882907,0.002942788,0.549580589,0.180700632,0.241630579
189,479,DD,DC,0.711123266,0.005206325,0.052106069,0.488352052,0.195479841,0.243019756
192,481,DC,CD,0.72516024,0,0.535919805,0.098044567,0.774635241,0.49798506
192,482,CD,CD,0.920622395,0,0.485722799,0.038201765,0.73446749,0.437972716
192,483,CD,DC,0.652859805,0,0.339380405,0.123523762,0.756655595,0.448358038
192,484,DC,CD,0.496229829,0,0.526255586,0.247542934,0.57565673,0.424515748
192,485,CD,DC,0.499623038,0.001765688,0.765382045,0.143544674,0.752827273,0.428630348
192,486,DC,DD,0.650536788,0,0.433262965,0.141982822,0.649549174,0.439789029
192,487,DD,CD,0.683726122,0,0.43905962,0.200011639,0.65821868,0.488593912
192,488,CD,DC,0.564365593,0,0.401551396,0.222038022,0.609981213,0.495185936
192,489,DC,DD,0.586483569,0,0.181756523,0.179005498,0.638230386,0.483209802
193,491,CD,DC,1.693220958,0.198033991,1.682024952,0.093495953,0.863045541,0.591647353
193,492,DC,DC,0.87749296,0.470419787,1.02429116,0.468552043,0.357517101,0.455651507
193,493,DC,CD,1.289953558,0.349423268,1.559933802,0.037292253,0.486111101,0.585354135
193,494,CD,DC,0.960002349,0.243844747,1.026386281,0.21810217,0.717229777,0.74327911
193,495,DC,CD,0.756700713,0.339639798,0.928657488,0.318436899,0.504157028,0.626477813
193,496,CD,DD,1.259512837,0.224336898,1.123074317,0.24506179,0.372341015,0.313259056
193,497,DD,DC,1.713827466,0.129263057,1.58746182,0.058865555,0.649948868,0.601969855
193,498,DC,CD,0.811747776,0.350959153,0.726256114,0.334515633,0.313586203,0.640174603
193,499,CD,DD,1.076674851,0.338653465,1.087885852,0.237068961,0.386108769,0.409155654
194,501,CD,DD,2.389995672,7.22E-06,0.957910118,0,0.344080701,0.549341687
194,502,DD,DD,1.927768123,0,1.187901593,0,0.342086058,0.550512528
194,503,DD,DD,1.106047251,0.017813741,1.293086216,0,0.382401808,0.656289573
194,504,DD,DD,0.004842806,0.68147344,0.670011131,0.018962206,0.004676731,0.068820514
194,505,DD,DD,0.001542206,0.745655505,0.716089815,0.002776839,0,0.005606446
194,506,DD,CC,2.18842845,0.002701721,1.083065572,0.000305593,0.409789546,0.457102743
194,507,CC,CC,1.929320752,0.018143984,0.941859029,0.050868147,0.466470644,0.536214357
194,508,CC,CD,1.336818577,0.082782677,0.920526926,0.000332632,0.300894657,0.376150908
194,509,CD,DD,0.016676349,0.450267405,0.679404717,0,0.018040886,0.127654065
195,511,DC,DD,1.891200668,1.037472281,1.342548703,0.104808386,0.358509642,0.561166928
195,512,DD,DD,1.682146248,0.768033114,1.088664459,0.190843128,0.535074569,0.554288276
195,513,DD,DD,1.305312897,0.602580311,0.681964549,0.403869738,0.318403574,1.390029556
195,514,DD,DD,0.993868874,0.8735862,0.658820852,0.478585759,0.250655431,0.822926577
195,515,DD,DD,0.969501272,0.653038303,0.337286937,0.536635781,0.607392699,1.071904969
195,516,DD,CC,0.519354884,0.603807869,0.128202181,0.421467246,0.437570515,0.291860306
195,517,CC,CC,1.264181326,0.394775188,0.817038019,0.101081592,0.106336037,0.500717645
195,518,CC,DC,1.356680553,0.977103616,1.198458515,0.086775501,0.256671278,0.672784986
195,519,DC,DD,1.240721355,0.373891461,0.347633322,0.317227246,0.140866824,0.85350594
200,521,CC,CC,0.891380572,0,0.043702875,0.492582698,0.197414386,0.099025509
200,522,CC,CC,1.025552972,0,0.047553919,0.291915371,0.242570139,0.085230795
200,523,CC,CC,0.961448991,0,0.00787806,0.140703443,0.253846448,0.051756337
200,524,CC,CD,0.97683773,0,0.05069285,0.276214428,0.240339168,0.175584347
200,525,CD,CD,0.621255865,0.338349826,0.000426452,0.36937564,0.212211448,0.362447922
200,526,CD,DC,0.336921208,0.358062703,0,0.396409415,0.121365959,0.248165703
200,527,DC,CC,0.285500668,0.01447981,0,0.177827447,0.115691058,0.129105983
200,528,CC,CC,0.66985765,0.082308385,0.019010168,0.133286129,0.222628461,0.21288819
200,529,CC,CC,0.813180751,0,0.020920753,0.17919282,0.29615392,0.415346743
201,531,CC,CC,0.045384284,0,0.09856984,0.071416458,0.236055069,0.257968344
201,532,CC,CC,0.14453987,0,0.251384875,0.02005919,0.223291592,0.216708676
201,533,CC,CC,0.053361499,0,0.246232192,0.006018462,0.217576056,0.254613414
201,534,CC,DC,0.063180072,0,0.232475799,0.091928729,0.284315625,0.29284469
201,535,DC,DC,0.062831629,0,0.321698854,0.00180544,0.228928045,0.456864763
201,536,DC,CD,0.129184004,0,0.203679644,0.00792107,0.28619652,0.323308829
201,537,CD,CC,0.196479031,0,0.211252372,0.03766099,0.34094547,0.303133271
201,538,CC,CC,0.241662616,0,0.208142148,0.121049567,0.869204925,0.331880909
201,539,CC,CC,0.166768806,0,0.308776018,0.036529061,0.58520368,0.483550737
202,541,CD,CC,0.811867101,1.24286214,0.012326245,0.881892734,0.16202283,1.202819136
202,542,CC,DC,0.854770415,1.228458731,0.020436334,0.80387592,0.197222039,1.276695753
202,543,DC,CC,0.788856811,1.203102974,0.015966741,0.845382934,0.228285973,1.261833136
202,544,CC,DC,0.783761789,1.144959318,0.020668769,0.913040389,0.185059898,1.32833706
202,545,DC,CC,0.667820124,1.162888972,0.009979042,0.940417747,0.174290949,1.272742185
202,546,CC,DD,0.58025205,1.133450849,0.001936496,1.008137966,0.165810128,1.291961622
202,547,DD,DD,0.664907836,1.156464962,0.004824983,1.037921148,0.171852896,1.306163705
202,548,DD,CD,0.826828172,1.111019284,0.02605523,0.993617179,0.185578445,1.326741053
202,549,CD,DD,0.865367606,1.013313996,0.024952158,0.993994269,0.163498622,1.33821102
203,551,DC,CC,1.470012116,0,0.738977255,0.197584276,1.204086666,0.545417239
203,552,CC,CD,1.556586276,0,0.592838322,0.047240891,1.078110877,0.455600548
203,553,CD,CC,1.995484626,0,0.964749683,0,1.098281708,0.472967756
203,554,CC,CD,1.910185711,0,0.708844844,0,1.301231529,0.513189536
203,555,CD,CC,1.116181678,0,0.360392783,0.076579509,1.257028409,0.48578971
203,556,CC,DD,0.265827433,0,0.005605088,0.411459431,1.057443076,0.261526488
203,557,DD,DD,1.413682356,0,0.409650627,0.146119076,1.256206603,0.471082397
203,558,DD,DC,2.38346881,0,0.801083266,0,1.500739497,0.542584905
203,559,DC,DD,2.369895004,0,0.809935899,0,1.440885082,0.547002582
208,561,DC,CD,0.433378704,1.020854558,0.239238218,0.766506343,0.092048954,0.660749397
208,562,CD,DC,0.251432889,1.324383963,0.09835179,1.137994791,0.070812649,0.772535062
208,563,DC,CD,0.327903656,1.244522529,0.056177703,1.091086262,0.067305948,1.109022512
208,564,CD,DD,0.362605841,1.26566542,0.108015827,0.973783873,0.05813031,1.124495987
208,565,DD,DD,0.281854529,1.183965813,0.126913683,0.839508095,0.138100525,1.002632429
208,566,DD,DC,0.055289124,1.139690649,0.004256011,0.782567719,0.040801653,0.432508536
208,567,DC,DD,0.015585232,1.0287129,0.002301637,0.707301952,0.029935689,0.377794694
208,568,DD,DD,0.030336807,0.989500422,0.002156984,0.750479015,0.053898086,0.411288384
208,569,DD,DD,0.033084886,0.985954676,0.001576618,0.814053868,0.069800403,0.411219538
209,571,CD,DC,0.037649627,0.455328929,0.043230566,0.927324749,0.239448628,0.504192432
209,572,DC,CD,0.028814376,0.520851536,0.082688662,0.819921179,0.2895292,0.628082479
209,573,CD,DC,0.100300977,0.793541428,0.037177342,0.609149852,0.33667467,0.445893863
209,574,DC,DD,0.283760461,0.399669418,0.196850502,0.552619345,0.49201765,0.441216946
209,575,DD,DD,0.230554006,0.315482868,0.222533072,0.50824152,0.318619075,0.315650116
209,576,DD,CD,0.049952034,0.501821794,0.079619126,0.586558253,0.301681608,0.225472282
209,577,CD,DD,0.004440944,0.716907464,0.176711528,0.17203593,0.520659884,0.004940073
209,578,DD,DD,0.001843109,0.587380258,0.226616543,0.110372003,0.578561216,0.013016394
209,579,DD,DD,0.000264756,0.445868757,0.321881045,0.090513671,0.635050562,0.033271941
212,581,CC,CC,0.182146403,0.072703086,0,0.657655924,0.000467563,0.023769117
212,582,CC,CC,0.180639402,0,0,0.818400485,0.009834626,0.060708151
212,583,CC,CC,0.248450869,0,0,0.672784154,0.039569058,0.054622891
212,584,CC,CC,0.066027321,0,0,0.427503517,0.07618152,0.025470021
212,585,CC,CC,0.070676752,0.017006968,0.037402079,0.412273164,0.112726538,0.217765858
212,586,CC,CC,0.024973079,0,0,0.416579627,0.031630133,0.058652829
212,587,CC,CC,0.052926566,0,0,0.405847551,0.071159415,0.04064756
212,588,CC,CC,0.028247194,0,0,0.46311038,0.036084007,0.058901501
212,589,CC,CC,0.104701888,0,0,0.508630619,0.066883993,0.075328549
213,591,CC,CC,0,0.07731766,0.041765244,0.080158922,0.000234196,0
213,592,CC,CC,0.000150729,0.060596506,0.021484764,0.055886886,0.00040263,0
213,593,CC,CC,0.000506958,0.081523393,0.024352459,0.065129741,0.000703682,0
213,594,CC,CC,0.00136191,0.077177762,0.018971255,0.052632955,0.001971951,0
213,595,CC,CC,0,0.036344743,0.022437969,0.024047118,7.63E-05,0
213,596,CC,CC,0.00026625,0.081841306,0.120734909,0.231219961,0.015186615,0.004015569
213,597,CC,CC,0,0.008775037,0.137546884,0.200602561,0.002156443,0.01433605
213,598,CC,CC,0,0.000657258,0.022527536,5.08E-05,0,0
213,599,CC,CC,0,0.000312821,0.009283692,0.00125786,0.000934098,0.00027564
214,601,CC,CC,0.135884993,0.163091744,0.425044772,0.081278157,1.12775293,0.143551185
214,602,CC,CC,0.474634842,0.138535795,1.038128557,0.026914131,1.296749652,0.049316071
214,603,CC,CC,0.332682007,0.247236932,1.680091989,0,1.624914933,0.054466857
214,604,CC,CC,0.31661082,0.228410807,1.640270312,0.000673447,1.615401402,0.09391303
214,605,CC,CC,0.274918577,0.238150611,1.252432778,0.018478129,1.553237099,0.095545104
214,606,CC,CC,0.345977384,0.194379187,1.080339331,0.036332191,1.430446937,0.052622205
214,607,CC,CC,0.232477114,0.048369611,0.339869806,0.292257422,0.827051157,0.179394851
214,608,CC,CC,0.223134899,0.133141581,0.816577988,0.228316089,1.09111221,0.158475658
214,609,CC,CC,0.289708967,0.124810595,0.999906846,0.186102075,1.160317489,0.158886291
215,611,CC,CC,0.753480237,0,0,0.459824453,0.140558391,0.415056407
215,612,CC,CC,0.738072324,0.065799065,0,0.591301241,0.167194401,0.534152342
215,613,CC,CC,0.709037222,0.206764073,0,1.0001586,0,0.343026443
215,614,CC,CC,0.724925438,0.070479105,0,0.604885415,0.102824539,0.434697624
215,615,CC,CC,0.485631174,0.080067274,0,0.507585496,0.104220776,0.460339209
215,616,CC,CC,0.104494774,0.235832375,0,0.337093208,0.00683255,0.079845447
215,619,CC,CC,0.067722207,1.082421533,0,1.605140551,0,0.551043029
220,621,CC,CD,1.040670798,0,0.173242485,0.231041427,0.217401417,0.002722956
220,622,CD,CC,1.591189258,0,0.24678872,0.310409777,0.317712705,0.084013059
220,623,CC,CD,1.344888661,0,0.049170294,0.447801385,0.299929443,0.036894727
220,624,CD,DC,1.079158588,0,0.034501987,1.161884096,0.255928746,0.299734425
220,625,DC,CC,1.520676919,8.62E-05,0.47865908,0.334082898,0.378259592,0.039665595
220,626,CC,CD,0.555525325,0,0,0.488998689,0.415448996,0.13684984
220,627,CD,DC,0.675811101,0,0,0.432988554,0.520728936,0.141806795
220,628,DC,DC,1.429692025,0,0.208166423,0.481911516,0.452396248,0.171268856
220,629,DC,CC,1.844384696,0,0.543523765,0.306334263,0.533764291,0.061776553
221,631,CC,DC,0.336092078,0.440674869,0.668277116,0.345419697,0.191317361,0.130314515
221,632,DC,CC,0.87058519,0.102917624,1.007145702,0.174761728,0.169657064,0.220458835
221,633,CC,DC,0.649866839,0.273694488,0.786965242,0.406208155,0.336042417,0.294847047
221,634,DC,CD,1.125526845,0.10183705,1.167343221,0.25378823,0.342692222,0.181788283
221,635,CD,CC,0.528076639,0.104928008,0.767852204,0.260048845,0.298551069,0.257352589
221,636,CC,DC,0.280017726,0.043374566,0.904714016,0.505487495,0.337123955,0.211624702
221,637,DC,CD,0.017758599,0.023214881,0.990974929,0.738128858,0.021014067,0.212028263
221,638,CD,CD,0.643802519,0.025693697,1.090549352,0.833198121,0.270305465,0.394315836
221,639,CD,CC,1.009916653,0.025405111,1.094526316,0.289482723,0.275777367,0.316590654
222,641,CD,CC,0,0.002006539,0.000233515,0.237351397,0.027239586,0.285689344
222,642,CC,CC,0,0.005231853,0.000437287,0.216815531,0.039660909,0.24979418
222,643,CC,DC,0,0.004996161,0,0.188514327,0.125388501,0.280427266
222,644,DC,CC,0,0.007673699,0.000889342,0.18001772,0.159688221,0.27612908
222,645,CC,DC,6.88E-06,0.021075015,0.007754776,0.066569443,0.070140226,0.117806907
222,646,DC,CC,0,0.003642011,0,0,0.012357104,0.041390209
223,651,DC,CC,0.003467681,0.446543677,0.059398388,0.019621087,0.016869811,0.154627533
223,652,CC,CC,0.00174822,0.450609553,0.103957181,0.008684061,0.023955885,0.163813947
223,653,CC,CD,0.0092576,0.407913754,0.151653581,0.012445754,0.061577174,0.16628465
223,654,CD,CC,0.022155709,0.438055975,0.265252409,0.012060951,0.148706134,0.058550845
223,655,CC,CD,0.04092466,0.474057362,0.277552966,0.009711849,0.241986788,0.047184893
223,656,CD,CC,0.050742371,0.285367472,0.399780823,0.101859882,0.171169281,0.094374027
223,657,CC,DC,0.016303702,0.235874317,0.329503762,0.234162896,0.070242892,0.028559029
223,658,DC,CC,0.480455146,0.257673662,0.840147464,0.080448624,0.103046181,0.095541877
223,659,CC,CC,0.267571781,0.109454814,0.779219127,0.361594384,0.100372244,0.091980526
228,661,CC,CC,0.04910769,0.741571037,0.306346676,0.408364515,0.014431728,0.638767529
228,662,CC,CC,0.032054564,0.750682475,0.278100151,0.365797279,0.018480919,0.621615296
228,663,CC,CC,0.019226193,0.673946602,0.268876293,0.335461097,0.013314576,0.605796841
228,664,CC,CC,0.007658931,0.804016434,0.178933962,0.393460659,0.006102272,0.133447995
228,665,CC,CC,0.000400672,0.8807325,0.325096834,0.097820151,0,0.055328335
228,666,CC,CC,0.106814558,0.480763046,0.123439989,0.500208043,0,0.01715039
228,667,CC,CC,0.074838325,0.377157616,0.150585891,0.648144032,0.008943879,0.064484962
228,668,CC,CC,0.056387807,0.346257911,0.174012613,0.57139332,0.008943879,0.135705384
228,669,CC,CC,0.024822844,0.499562592,0.21255208,0.579457734,0,0.202400131
229,671,CC,CC,0.124213581,0.41195578,0.22145042,1.610377088,0.09521091,0.416282811
229,672,CC,CC,0.049804073,0.29645419,0.268233277,1.641875573,0.077861276,0.428328434
229,673,CC,CC,0.000418348,0.467936672,0.190481273,1.7608449,0.005476004,0.524964044
229,674,CC,CC,0,0.490215363,0.27628462,1.446602517,0.000625628,0.31032968
229,675,CC,CC,0.007806351,0.556011233,0.294897288,1.240931455,0.072723141,0.212053097
229,676,CC,CC,0,1.212637553,0.307696974,1.239196466,0.00736315,0.177841646
229,677,CC,CC,0,0.99137817,0.374493216,1.296362277,0.001242041,0.218515328
229,678,CC,CC,0,0.64740742,0.443071423,0.785922246,0.002574293,0.116911391
229,679,CC,CC,0,0.813400812,0.451584556,0.899630289,0.00397303,0.074110791
232,681,CD,DD,0.412944921,0.095241085,0.135237384,0.408495412,0.087138102,0.261938518
232,682,DD,DD,0.169702788,0.087432303,0.118738724,0.526822718,0.140989915,0.381558868
232,683,DD,DD,0.14793714,0.071008055,0.096560875,0.55093607,0.088643237,0.25600011
232,684,DD,CD,0.186155853,0.102799593,0.087796034,0.546926285,0.058077445,0.225067951
232,685,CD,DD,0.15517644,0.20479509,0.270209291,0.42289553,0.185554762,0.268469259
232,686,DD,DD,0.145823673,0.115674045,0.1738171,0.372327529,0.154777367,0.175260258
232,687,DD,DD,0.183894674,0.106632764,0.549870465,0.33766228,0.322830837,0.243856678
232,688,DD,DD,0.238297837,0.017454104,0.725628749,0.277736046,0.452150163,0.321893525
232,689,DD,DC,0.144183395,0.015567206,0.57539377,0.269023642,0.417955427,0.398207584
233,691,DC,DD,0.523029582,0.171588481,0.614343806,0.205515686,0.725106326,0.732520863
233,692,DD,DD,0.311943625,0.327441512,0.460566321,0.616122459,0.481377289,0.892002243
233,693,DD,DD,0.20928271,0.598250559,0.23260829,0.934861533,0.296262055,0.976843365
233,694,DD,DC,0.303893203,0.525395563,0.276955013,0.734672318,0.35608719,1.041528829
233,695,DC,DD,0.574577662,0.139147522,0.490187267,0.453727331,0.630742257,0.999500247
233,696,DD,DD,0.75975898,0.222360085,0.625122438,0.154517882,0.610851875,0.691579545
233,697,DD,DD,0.679195295,0.327586453,0.720505634,0.147854811,0.728270538,0.715982942
233,698,DD,DD,0.759421057,0.334478031,0.462684762,0.075830151,0.62740434,0.636816901
233,699,DD,CD,0.698766711,0.368213852,0.36769782,0.168251065,0.605500551,0.711060803
234,701,CD,CD,0.046085611,0.999318194,0.775555879,0.058145875,0.440263965,0.261334456
234,702,CD,CD,0.010212707,0.337008943,0.354701346,0,0.119920303,0.07100844
234,703,CD,DC,0.016159199,0.562421886,0.430148302,0,0.115567547,0.071884556
234,704,DC,DD,0.001779825,0.082404658,0.127359597,0,0.000231628,0.000260982
234,705,DD,DD,0.007556199,0.059695373,0.12452108,0,0.001643919,0.000428256
234,706,DD,DD,0.039698841,0.069578333,0.259244426,0.000361298,0.199597907,0.022230634
234,707,DD,DD,0.029654319,0.268760759,0.336462349,2.05E-05,0.134571499,0.033590505
234,708,DD,DD,0.148765008,0.441252068,0.332204903,0.099442158,0.396746035,0.219654254
234,709,DD,DD,0.189195249,1.069173426,0.776977438,0.020940312,0.908275303,0.203342939
235,711,DC,DC,2.24E-05,0.123176994,0.009257673,0.136386668,0.083489979,0.075733926
235,712,DC,DC,0,0.166313666,0.000141076,0.050522808,0.058257301,0.06145727
235,713,DC,CD,0.001026138,0.099802705,0,0.015802315,0.033125318,0.02901346
235,714,CD,DD,3.64E-06,0.247844971,0,0.143845104,0.125512299,0.133630487
235,715,DD,DD,0.000113718,0.122694582,0.000953958,0.130767055,0.09249232,0.133908066
235,716,DD,DD,0.010654834,0.272369189,0.089677375,0.139002593,0.276351508,0.12832752
235,717,DD,DD,0.010857826,0.176844257,0.016360333,0.195632788,0.188571865,0.225463376
235,718,DD,DD,0.000168114,0.244306793,0.024943781,0.265049006,0.143565883,0.22731639
235,719,DD,DD,0.008653443,0.216376866,0.012962881,0.105601998,0.299720096,0.053327403
240,721,CD,CD,1.229374899,0.144257632,0.745243828,0.567830059,0.667242431,0.788485875
240,722,CD,DC,1.33620707,0.005727632,0.500299987,0.733014323,0.580776761,0.765969576
240,723,DC,CD,2.101216099,0,1.200408467,0.065994983,0.731405919,0.373778979
240,724,CD,CD,1.795766931,0.052804477,0.872568617,0.17843227,0.798588324,0.506101145
240,725,CD,DD,2.105845092,0,1.271053177,0.08875483,0.789997231,0.454470722
240,726,DD,CC,1.44470149,0,0.202789397,0.86318349,0.490491735,0.755839793
240,727,CC,DC,1.626974217,0,0.589953606,0.513181953,0.839750298,0.930737362
240,728,DC,CC,1.475798402,0,0.28539121,0.518280597,0.702271084,0.944027906
240,729,CC,CD,1.682721089,0,0.475725018,0.515236838,0.672165389,0.77201392
241,731,DC,DC,1.62530773,0.125975503,2.712017927,0.030806867,0.691639837,0.37612176
241,732,DC,CD,2.021567617,2.55E-05,2.641257803,0,0.694352461,0.39756106
241,733,CD,DC,1.038506933,0,1.529699481,0.197066902,0.66096388,0.323239161
241,734,DC,DC,2.159105836,0.000212687,2.929981496,0,0.861296969,0.483365544
241,735,DC,DD,1.701177238,0.014789318,2.494949128,0.016860281,0.737984562,0.449652281
241,736,DD,CC,1.660286351,0.001027385,1.862773908,0.044830089,0.685271959,0.408877033
241,737,CC,CD,1.692585221,0.014895523,2.152927222,0,0.756902605,0.427931374
241,738,CD,CC,1.403091506,0,1.152486601,0.092306921,0.69637167,0.394326157
241,739,CC,DC,1.583429879,0.006482712,1.803908688,0.009938508,0.673351212,0.488184087
244,741,CC,CC,0.808577661,0.65444633,0.552413614,0.575999137,0.302966625,0.211282012
244,742,CC,CC,1.794146723,0.126008758,1.010617871,0.294590158,0.565281043,0.11398592
244,743,CC,CC,1.634102244,0.335902562,1.37211585,0.118338458,0.712526847,0.277812791
244,744,CC,CC,1.630515469,0.504678901,1.389248402,0.239073036,0.71434104,0.320589938
244,745,CC,CC,0.711685395,0.911796766,0.826969453,0.179747942,0.525032837,0.459505652
244,746,CC,CC,1.845166969,0.517347176,1.634571411,0.018193876,0.768276201,0.287485363
244,747,CC,CC,1.46460681,0.542848696,1.145675373,0.09547049,0.597961907,0.345056361
244,748,CC,CC,1.587961735,0.453621778,1.190234442,0.071882419,0.497586182,0.307117052
244,749,CC,DC,1.276991021,0.717096992,1.465562568,0.046348178,0.538445962,0.544605779
245,751,CC,CC,0.690933647,0.033355339,0.294900875,0.341103672,1.446399093,0.513853911
245,752,CC,CC,0.955389055,0.002699562,0.842876267,0.132565183,1.445102833,0.479453082
245,753,CC,CC,1.152248955,0.024879542,1.389990993,0.158814477,1.446504801,0.521001542
245,754,CC,CC,0.918035348,0.012984258,0.411951587,0.365852867,1.482351514,0.549050636
245,755,CC,CC,1.174416796,0.003293671,0.56718859,0.28981106,1.518454208,0.531882446
245,756,CC,CC,1.352711794,0,0.855776724,0.384294119,1.717065642,0.902197896
245,757,CC,CC,1.394937175,0.163609568,2.107696753,0.158425712,1.52309723,0.401540486
245,758,CC,CC,1.09645455,0.049782467,0.941134314,0.245497576,1.763373156,0.294150344
245,759,CC,CD,1.222662953,0.02730979,0.89369269,0.231001493,1.714357678,0.356212987
248,761,CC,CC,0.142072934,0.404191691,0.241188468,0.509620509,0.014725766,0.173461193
248,762,CC,CC,0,0.232388541,0,0.29427625,0,0.14874644
248,763,CC,CC,0,0.186845372,0.002735608,0.222856819,0.000379,0.205392345
248,764,CC,CC,0,0.276690894,0,0.051114979,0,0.053074789
248,765,CC,CC,0,0.303010033,0,0.014888713,0,0.016586243
248,766,CC,CC,0,1.452345671,0.095640809,0.569842812,0.100214966,0.541141365
248,767,CC,CC,0,1.293483509,0.020778523,0.657795497,0.105369269,0.690609005
248,768,CC,CC,8.48E-06,1.228562693,0.062154592,1.03470313,0.1212013,0.79391637
248,769,CC,CC,0.000475024,1.336950919,0.009574553,0.26719937,0.221694017,0.66828927
249,771,CC,CD,0.180022557,0.753949161,0.185632584,0.404185968,0.881247645,0.26358735
249,772,CD,DC,0.213351566,0.658121306,0.156241536,0.383216138,0.934997416,0.399054266
249,773,DC,DC,0.359341689,0.570674214,0.307853906,0.349369411,0.844279026,0.393416419
249,774,DC,CD,0.743584654,0.463658111,0.931570965,0.061894608,0.832246887,0.317179876
249,775,CD,DC,0.713916305,0.432433695,0.915477537,0.028636494,0.853449636,0.35898326
249,776,DC,CD,0.114189875,0.56862913,0.125191894,0.378081064,0.741294905,0.421653706
249,777,CD,CC,0.181016154,0.646642377,0.158764553,0.356675896,0.873943009,0.524286147
249,778,CC,DD,0.241545479,0.591724914,0.113565254,0.404560092,0.95115626,0.542361089
249,779,DD,DD,0.243235242,0.664635677,0.092570992,0.530083716,0.876210918,0.743887337
250,781,CC,CC,0.260944735,0.515766757,0.308852694,0.524475953,0.045166189,0.609522014
250,782,CC,CC,0.021422964,0.441580751,0.162247689,0.975975244,0.020734649,0.641004104
250,783,CC,CC,0.000593598,0.860237594,0.033785943,0.561749516,0.0222194,0.281317468
250,784,CC,CC,0.000426232,0.67623526,0.062424538,0.255213742,0.030133911,0.119921327
250,785,CC,CC,3.07E-06,0.609400686,0.000502494,0.097555788,0.034125953,0.032636388
250,786,CC,CC,0.010421103,0.626554262,0.401034281,0.132625827,0.108908848,0.115595074
250,787,CC,CC,0.035408022,0.546350077,0.190298191,0.246340914,0.180374101,0.251835572
250,788,CC,CC,0.008840885,0.492421656,0.108800067,0.243012029,0.176812176,0.224064344
250,789,CC,CC,0.005167826,0.507608144,0.206890109,0.16235387,0.128440573,0.151986745
251,791,CC,DC,0.301222985,0,0.201581964,0.164710403,1.697964441,0.198662672
251,792,DC,CD,0.484401574,0,0.159372721,0.280654855,2.410985941,0.343494987
251,793,CD,CD,0.460228665,0,0.183315382,0.340996246,2.492932976,0.295271765
251,794,CD,DC,0.536690453,0,0.202345992,0.381583869,2.789533971,0.314954221
251,795,DC,CD,0.830600561,0,0.258775834,0.310514062,3.101517713,0.447887421
251,796,CD,DC,0.83035772,0,0.163305511,0.947460536,3.055987072,0.556878517
251,797,DC,CC,1.148292101,0,0.170334136,1.041713559,3.748105572,0.696390334
251,798,CC,DD,1.100946616,0,0.296584529,0.941384907,3.484483957,0.638554183
251,799,DD,DD,1.012257858,0,0.461636517,0.811822915,2.850916582,0.499600458
256,801,CC,CC,1.160736486,0,0.877759772,0.085733546,0.721979356,0.220151422
256,802,CC,DC,2.534733945,0,1.245916397,0,0.732253596,0.380145082
256,803,DC,DC,1.718047312,0,0.094698581,1.404972334,0.594601515,1.019987192
256,804,DC,CD,0.811323496,0.166309495,0.27046332,0.294659013,0.028220288,0.177996086
256,805,CD,CD,2.481686899,0,1.640919756,0,0.858582986,0.332824944
256,806,CD,CC,1.16043445,0,0.422512293,0.18022562,0.98544629,0.153150428
256,807,CC,CD,2.471774709,0,1.228816791,0,1.099423733,0.459491742
256,808,CD,CC,2.354018965,0,1.274481256,0,0.550557547,0.356513618
256,809,CC,CC,2.012878021,0,1.034392595,0,0.533272744,0.265994162
257,811,CC,CC,0.02467063,0.049719095,0.127072474,1.432993339,0.083992152,0.491989773
257,812,CC,CD,0.131172431,0.400649797,0.196163489,1.068529567,0.104052559,0.626676969
257,813,CD,CD,0.078200792,0.205504092,0.258574826,1.097317558,0.099706946,0.580096523
257,814,CD,DC,0,0.171392608,0.054097117,1.42057534,0.16784653,0.445562113
257,815,DC,DC,0,0.158118378,0.146437895,0.899118632,0.161063883,0.359981126
257,816,DC,CC,0.057891399,0.061619138,0.019383659,1.114633221,0.038386737,0.553998149
257,817,CC,DC,0.005688336,0.158201021,0.084566229,1.457768869,0.158430595,0.562614489
257,818,DC,CC,0,0.129416113,0.000557425,1.935415523,0.196341258,0.646785327
257,819,CC,CC,0,0.111403618,0.007878063,1.873929834,0.18439692,0.668815432
260,821,CC,CC,0.445615441,0,0,0.641834029,1.38199798,1.818575453
260,822,CC,DC,0.603104247,0.00965015,0.021282861,0.566023963,1.898807032,1.22185651
260,823,DC,DC,0.643458352,0,0.103879603,0.629162534,1.303314248,1.448859746
260,824,DC,CC,1.125369273,0,0.062301985,0.383322468,1.709185995,1.148928002
260,825,CC,DD,0.674508782,0,0.1626381,0.505285513,1.700624716,1.301205193
260,826,DD,CC,0.974812837,0,0.2277266,0.175874931,1.733973607,0.78070845
260,827,CC,DD,0.425601396,0,0,0.773739292,1.759124141,1.332326809
260,828,DD,DD,0.796698309,0,0.004380388,0.615253881,2.071830033,1.259529599
260,829,DD,DD,1.5619014,0,0.315115531,0.297873978,1.846063744,1.033882992
261,831,CC,CC,0,0.347985145,0.132022135,0.000427574,0.250691536,0.207591394
261,832,CC,CD,0,0.461198886,0.358976492,0.095088847,0.106874886,0.10087661
261,833,CD,CD,0,0.094081345,0.182935845,0.103597731,0.117418439,0.125522279
261,834,CD,CC,0.016566831,0.586464431,0.210104734,0.431563334,0.225835998,0.451034149
261,835,CC,DD,0.002112626,0.554467874,0.853493683,0.176379897,0.164350281,0.324382454
261,836,DD,CC,0,0.728701874,0.390057156,0.088459658,0.138611461,0.093243292
261,837,CC,DD,3.42E-05,0.758732738,0.829565938,0,0.367909527,0.302829897
261,838,DD,DD,0,0.691638011,0.944257585,0,0.364895971,0.248138107
261,839,DD,DD,0,0.277906892,0.04767832,0.09482937,0.072360223,0.14875456
262,841,DC,DC,0.083845036,0.001763318,0.132926997,0.225558446,0.346692208,0.540632783
262,842,DC,DC,0.006440495,4.71E-06,0.654775149,0.383967809,0.157154411,0.399347093
262,843,DC,CD,0.013408799,0.005229523,0.586343738,0.000359843,0.150985843,0.345759857
262,844,CD,DD,0.034684842,0.00052136,0.02107587,0,0.279759959,0.284986923
262,845,DD,DC,0.039088071,0.002460235,0.02914122,0.00992343,0.36863468,0.290910516
262,846,DC,DD,0.127316015,0.000351021,0.043087765,0.011135398,0.606145175,0.527268018
262,847,DD,DD,0.13780868,0,0.007350901,3.54E-05,0.648580974,0.596683793
262,848,DD,CD,0.157346775,0,0.005199574,0.004255861,0.684298581,0.563224407
262,849,CD,DD,0.180482044,0,0.00107995,0,0.723825865,0.449368785
268,861,CC,DC,0.003440951,0.654373491,0.054383417,0.779884095,0.053396597,0.332306319
268,862,DC,CC,0.06342887,0.522068584,0.076568064,0.914419736,0.143524664,0.331041824
268,863,CC,CD,0.091278739,0.610295206,0.073907191,0.849561211,0.249970557,0.419040671
268,864,CD,DC,0.161150113,0.525193708,0.087824544,0.865002237,0.267875823,0.433145217
268,865,DC,DC,0.088325273,0.564553743,0.079412656,0.759403518,0.214497917,0.310660822
268,866,DC,DD,0.140818364,0.498205739,0.078451796,0.747200879,0.340520989,0.437304676
268,867,DD,CC,0.100722919,0.705508039,0.083620694,1.045749408,0.32467993,0.370252334
268,868,CC,DD,0.279810447,0.105240321,0.065925678,1.536521273,0.268365784,1.267370616
268,869,DD,DC,0.326768598,0.058454611,0.072708027,1.792300243,0.27167549,1.339547864
269,871,CC,CD,0,0,0.00829329,0.067375866,0,0.000666793
269,872,CD,CC,0,0,0.008510013,0.277414343,0,0.011245887
269,873,CC,DC,0,0,0.002237988,0.244268239,0,0.003706518
269,874,DC,CD,0,0,0.000375528,0.259425498,0,0.009771207
269,875,CD,CD,0,0,0.000306742,0.204677355,0,0.000971936
269,876,CD,DD,0,0,0.002493463,0.169870992,0,0.024836191
269,877,DD,CC,0,0,0.000187681,0.239835989,0,0.028215555
269,878,CC,DD,0,0,0,0.340828642,0,0.039548339
269,879,DD,CD,0,0,3.27E-05,0.394432056,0,0.055229452
272,881,CC,CC,0.816085193,0.001112533,0.166987861,0.257856116,0.145672451,0.012480892
272,882,CC,CD,1.080663567,0,0.020656556,0.395168518,0.183703502,0.041764594
272,883,CD,CC,1.658728099,0,0.14607582,0.37383801,0.254448944,0.108194886
272,884,CC,DD,1.205885896,0.010398436,0.202814633,0.681640734,0.242786112,0.15048084
272,885,DD,CC,1.675121804,0,0.832202106,0.212619866,0.36682728,0.033723381
272,886,CC,CD,0.34633163,0,0.001381303,0.24204976,0.250615982,0.009484799
272,887,CD,CD,1.509450026,0,0.469509522,0.096847104,0.40232483,0.051881317
272,888,CD,DC,1.742654232,0.003854315,0.696673925,0.110438423,0.467003743,0.198806666
272,889,DC,DD,0.843033605,0.003193959,0.161437803,0.427848809,0.521678181,0.171996637
273,892,CC,DC,0.084291964,1.10595642,0.173391402,0.213918636,0.562713133,0.203626907
273,893,DC,CC,0.186331832,0.658722094,0.631746586,0.520344127,0.361255028,0.382260522
273,894,CC,DD,0.23534765,0.462730764,0.105805474,1.030289584,0.322775153,0.545274087
273,899,CD,DD,0.784380166,0.675349587,0,1.080738896,0.274168094,1.101139911
274,901,CC,DC,0.156001551,8.29E-05,0.42842382,0.897458538,0.201865374,0.021248081
274,902,DC,CC,0.297228035,0.007979136,0.322307137,0.395614273,0.616217718,0.140378786
274,903,CC,CC,0.092954612,0.063068433,0.292668405,1.098041972,0.177071344,0
274,904,CC,DD,0.089953027,0.160186923,0.26181088,1.060091573,0.225115228,0.038068732
274,905,DD,CD,0.07120454,0.357917345,0.873802028,0.809252192,0.259893809,0.023267069
274,906,CD,CC,0.03994765,0.232170138,0.758425279,0.415858096,0.570042047,0.001349009
274,907,CC,DD,0.134944353,0.002121564,0.308146476,0.525893781,0.592254615,0.020646679
274,908,DD,CD,0.228114495,0.000519495,0.258248872,0.941769235,0.316127851,0.213286396
274,909,CD,CC,0.109197978,0.107782989,0.709042263,0.769304025,0.279167003,0.007988887
275,911,CC,CD,0.004577993,0.199830484,0.293151647,0.039265634,0.081852373,0.236156255
275,912,CD,CC,0.329052433,0.002328574,0.267544769,0.035765835,0.098274915,0.072247564
275,913,CC,CC,0,0.057170226,0.04859392,0,0,0.001233641
275,914,CC,DD,0.002180773,0.005062457,0.036599161,0.035133713,0.024031595,0.004975127
275,915,DD,DC,0.125375516,0.002217866,0.081126207,0.107833773,0.054171269,0.075830728
275,916,DC,CC,0.029132729,0.00525097,0.151388595,0.129921378,0,0.313536681
275,917,CC,DD,0,0.001556975,0.002279776,0.003642203,0,0.213341227
275,918,DD,DC,0.017130094,0.015349549,0.117427946,0.077140835,0.267247895,0.010078097
275,919,DC,CC,0.029013455,0.044880404,0.241061136,0.20554195,0,0.114343371
277,921,CC,CC,0.815233532,0.003237503,0.756812359,0.277273462,0.71820085,0.835154595
277,922,CC,CC,0.175821167,0.012154552,0.236578292,0.680689589,0.831678966,0.747280429
277,923,CC,CC,0.297915774,0.04032495,0.478595202,0.721210843,0.91299749,0.662371085
277,924,CC,CC,0.79132468,0,0.884392282,0.158552405,0.615602107,0.542029858
277,925,CC,CC,0.340959678,0.000796889,0.399905595,0.507741322,1.185139104,0.69895352
277,926,CC,CC,0.046840288,0.051074597,0.191826784,0.25492563,0.553274446,0.209008749
277,927,CC,CC,0.130870938,0.015384938,0.332581507,0.185770728,0.676207338,0.139415983
277,928,CC,CC,0.761913512,0.021022464,0.794351235,0.283159393,1.078008649,0.589519698
277,929,CC,CC,0.390955997,0.004181328,0.420937927,0.415787807,0.824364422,0.698587014
279,931,CC,CC,0.85925537,0.049377296,1.339005973,0.448697979,0.003189617,0.41519989
279,932,CC,CC,0.330905861,0.130844702,1.736789067,0.44411497,0.002450407,0.278360014
279,933,CC,CC,0.483759138,0.101705067,1.41954746,0.278788204,0.011568734,0.214933601
279,934,CC,CC,0.91067173,0.180938392,0.999293225,0.288493418,0.013188473,0.338421456
279,935,CC,CC,0.02816279,0.15251082,0.620647377,0.248151646,0.135831023,0.185622812
279,936,CC,CC,0.001345332,0.036418855,0.644897497,0.020450678,0.002098875,0.012009505
279,937,CC,CC,0.298155521,0.433080917,0.774540358,0.031256173,0.084641145,0.121178151
279,938,CC,CC,0.60924665,0.270860918,0.975786532,0.246480087,0.070002761,0.323143152
279,939,CC,CC,0.643576887,0.089094922,0.666092486,0.331290706,0,0.351894259
284,941,CC,CC,0.002512468,0.094435802,0,0.47279885,0.000136042,0.004165689
284,942,CC,CC,0.389185772,0.047310209,0.002515987,0.737421095,0.086855652,0.056451544
284,943,CC,CC,0.197162798,0.057109378,0.016681407,1.763099296,0.016425763,0.277165483
284,944,CC,CC,0.005466097,0.21087465,0.00247962,0.736268439,9.49E-06,0.041833928
284,945,CC,CC,0.000385157,0.100662533,0,0.433758032,0.000487828,0
284,946,CC,CC,0,0.192593304,0,0.279369927,0,0.000142189
284,947,CC,CC,0,0.191520062,0,0.343729891,0,0.000152139
284,948,CC,CC,0,0.155519422,0,0.362089877,0,0.00227997
284,949,CC,CC,0,0.103459952,0,0.314329935,0,0.001731665
285,951,CC,CC,0.020112861,0,0.497429693,0.808951174,0.62748722,0.382959939
285,952,CC,CC,0.121304113,0,0.520949702,0.64549564,0.485886213,0.591684128
285,953,CC,CC,0.434023101,0,0.536999915,0.715255749,0.767395342,0.996797182
285,954,CC,CC,0.399901492,0,0.50706767,0.774191336,1.037120656,0.967560449
285,955,CC,CC,0.265937137,0,0.532192391,1.009532405,1.319877049,1.06548321
285,956,CC,CC,0.002301809,0,0.242515634,0.620443934,0.187345996,0.570278188
285,957,CC,CC,0.010092611,0,0.188667381,0.856552355,0.212861433,0.795752052
285,958,CC,CC,0.031719031,0.000236414,0.212980511,0.967702135,0.270275414,0.897725686
285,959,CC,CC,0.054328752,0.000236414,0.274256029,0.849834429,0.291263946,0.886735737
288,961,DC,DD,0.000447868,0.198149051,0.72522023,0.00571707,0.418673773,0.000121803
288,962,DD,DD,0.042060839,0.082018646,0.14446559,0.087769335,0.582763449,0.01146574
288,963,DD,DD,0.004111044,0.071021247,0.070776964,0.117950739,0.379995262,0.013859411
288,964,DD,DD,0.001489231,0.309234786,0.062014122,0.085118988,0.307812792,0.00142469
288,965,DD,DD,0,0.352024507,0.037197128,2.96E-06,0.369813315,0
288,966,DD,DD,0,0.278371387,0.56758294,0.005222453,0.510556759,0
288,967,DD,DD,0,0.115986545,0.150424118,7.87E-05,0.607394121,0
288,968,DD,DD,0,0.052265278,0.132988087,0.001859764,0.582278866,0
288,969,DD,DD,0,0.114833248,0.128563118,0.044835491,0.509353633,0
289,971,CD,DD,0.10089107,0.255194635,1.225769599,0.127162638,1.140582312,0.00788633
289,972,DD,DD,0.111851212,0.312354904,0.699088682,0.308480522,0.914013712,0.055656898
289,973,DD,DD,0.064718906,0.441157705,0.597612733,0.182766164,0.889408898,0.034145009
289,974,DD,DD,0.023783278,0.408148188,0.371477864,0.205472979,0.786681392,0.102832522
289,975,DD,DD,0.011842616,0.320439599,0.484166807,0.252217579,0.744748346,0.181781505
289,976,DD,DD,0.016000922,0.202713602,0.569999385,0.242767836,0.722646865,0.073087281
289,977,DD,DD,0.000149153,0.275720584,0.347542697,0.16635457,0.720596615,0.077429538
289,978,DD,DD,0.00052169,0.227349283,0.258844005,0.187088855,0.706182393,0.11878492
289,979,DD,DD,0.034446306,0.156687285,0.746356175,0.196612857,0.72455702,0.049613422
290,986,CD,CD,0.124113482,0.000135653,0,1.321187207,0,0.142777269
290,987,CD,DD,0.11356225,0.000553883,0.000759079,1.542350755,0,0.118282081
290,988,DD,DC,0.048935335,0.000449567,1.02E-05,1.311929215,0,0.070895037
290,989,DC,DD,0.019330064,0.003680881,0.000891822,0.955427106,0.020391826,0.120617519
291,991,CC,DC,0.013247743,0.001684546,0.620711944,0.365326862,0.016779183,1.534782479
291,992,DC,CD,0.012389481,0,0.952478891,0.198513209,0.015692135,1.227481919
291,993,CD,DC,0.000411144,0,1.136320228,0.145770797,0.000520742,0.957425418
291,994,DC,CD,0.005562614,0,0.96085357,0.214522248,0.007045436,0.770237565
291,995,CD,DC,0.008376734,0.000572746,1.218247782,0.075486497,0.010609713,0.446109205
291,996,DC,DC,0.106179068,0,1.043954599,0.249986405,0.238379314,1.455410613
291,997,DC,DD,0.060601235,0,0.654101749,0.134894051,0.268134422,1.511476105
291,998,DD,CD,0.147651848,0,0.747574824,0.244155505,0.229819439,1.311879213
291,999,CD,DD,0.669320799,0,0.631955651,0.724326807,0.216472486,0.875673584
296,1001,CC,DC,0.008636777,0.068020159,0.275333863,0.014242583,0.359694104,0.018199737
296,1002,DC,DC,0.016113061,0.017991066,0.196198314,0.002164598,0.611469212,0.005291941
296,1003,DC,DD,0.001259522,0,0.474644647,0.000859183,0.639872583,0.025282452
296,1004,DD,DD,0.013911101,0,0.586712078,0.011619995,0.679523206,0.062581858
296,1005,DD,DD,0.036760221,0.044545448,0.701387545,0.020444209,0.594822298,0.052203714
296,1006,DD,CD,0.004015744,0.011000501,0.331545284,0.009035125,0.558900144,0.050128483
296,1007,CD,DC,0.014701522,0.029319741,0.40150533,0.004595683,0.504398068,0.029031437
296,1008,DC,DC,0.014999842,0.00098284,0.227635998,0,0.607762955,0.022014559
296,1009,DC,CD,0.015087521,0.006837805,0.279356738,0,0.612257238,0.012474186
297,1011,CC,CD,0.215143848,0.060531488,1.190098909,0.343580427,0.382712497,0.638635212
297,1012,CD,CD,0.266585979,0.105415818,1.267693599,0.228769866,0.483485473,0.276365837
297,1013,CD,DD,0.209621463,0.09608127,1.009224374,0.307605023,0.354125286,0.545990952
297,1014,DD,DD,0.068719069,1.048157889,0.921620787,0.228308563,0.175031388,0.346931878
297,1015,DD,DD,0.099864501,0.700767147,0.589347668,0.152492695,0.136155287,0.349125414
297,1016,DD,DC,0.146941484,0.535945221,1.143109256,0.423942158,0.183821051,0.367457358
297,1017,DC,CD,0.121851335,0.790833444,0.778493868,0.502379394,0.199273479,0.494131686
297,1018,CD,CD,0.341836864,0.295057739,0.895132366,0.513114199,0.297173534,0.499279515
297,1019,CD,DC,0.221649133,0.152348079,0.851861575,0.537418666,0.235741547,0.518511107
301,1021,CC,CC,0.4031297,0,0.204904015,0.579888349,0.036198482,0.077081096
301,1022,CC,CC,0.993918001,0,0.576670382,0.539930426,0.266033453,0.125496607
301,1023,CC,CC,0.006812498,0.000191165,0.296829677,0.503536981,0.008526618,0
301,1024,CC,CC,0.109251959,0.022396997,0.269919899,0.522323768,0.0088796,0.006377067
301,1025,CC,CC,0.002309573,0.125539516,0.278062401,0.492428432,0.000804059,0
301,1026,CC,CC,0.006065475,0.061305903,0.397846979,0.540489393,0.006218656,0.009133317
301,1027,CC,CC,0.000318691,0.087877678,0.352782893,0.32857166,0.002163024,0.008986877
301,1028,CC,CC,0.009684824,0.096103814,0.275556949,0.514851596,0.002154771,0.04359441
301,1029,CC,CC,0.09014586,0.14857688,0.302681834,0.942424043,0.017798085,0.107977352
302,1031,DC,DC,0.539536477,0.046289809,0.583025174,0.494987016,0.078065706,0.787522809
302,1032,DC,DC,0.449269118,0.001593246,0.50836425,0.873248504,0.189801977,0.949187212
302,1033,DC,CC,0.533911814,0.009512067,0.385768042,0.848668184,0.199590522,0.779141636
302,1034,CC,DC,2.026309348,0.004825684,1.141644836,0.003386569,0.200400753,0.507813416
302,1035,DC,CC,2.331181262,0,1.114615749,0.002517746,0.211923052,0.692844878
302,1036,CC,DC,2.323961554,0,1.037492676,0,0.182017653,0.631629315
302,1037,DC,DD,1.274658964,0.089212996,0.830638516,0.185401628,0.094795872,0.450901511
302,1038,DD,DC,0.035891693,0.025029011,0.212526746,0.718734018,0.002880301,0.339075756
302,1039,DC,CC,0.015931913,0.000415738,0.194311753,1.04507412,0.01095195,0.537845773
304,1041,DD,DD,0.136946429,0.657184465,0.217013418,0.012306203,1.534543126,0.864906
304,1042,DD,CD,0.170747974,0.729347356,0.357889678,0.011568089,1.567150552,0.867688251
304,1043,CD,CD,0.180910028,0.730021264,0.258111042,0.011733016,1.642620664,0.921222216
304,1044,CD,DD,0.079649459,0.656509548,0.251786318,0.011495633,1.358132523,0.755104001
304,1045,DD,DD,0.053030679,0.693036047,0.263002223,0.010398345,1.275018862,0.613716833
304,1046,DD,CD,0.217241248,0.74839509,0.339768756,0.003617529,1.525138803,0.846805062
304,1047,CD,DD,0.246532815,0.746954571,0.372971428,0.006493924,1.514636112,0.755181813
304,1048,DD,DD,0.056926551,0.773622601,0.605688956,0.002656635,1.150122281,0.392795123
304,1049,DD,DD,0.145444141,1.002619323,1.852442173,0,1.224939123,0.300457141
305,1051,DD,DD,0.347961048,0.239810644,0.297469912,0.133379601,0.08143423,0.013870314
305,1052,DD,DC,0.220717798,0.2623981,0.00029932,0.530786574,0.041236152,0.041079946
305,1053,DC,DC,0.263621544,0.282421334,0,0.770679299,0.007521772,0.115442097
305,1054,DC,DD,0.056845669,0.261302892,0,0.724234679,0,0.100933026
305,1055,DD,DD,0.020709335,0.331467098,0,0.693553646,0,0.075152092
305,1056,DD,DC,0.316860849,0.235752515,0.104990792,0.613223443,0.053858174,0.161605455
305,1057,DC,DD,0.210151361,0.276089406,0.189106722,0.176693605,0.038888218,0.015393348
305,1058,DD,DD,0.124040059,0.245794002,0.05822851,0.092079462,0.048135526,0.001035529
305,1059,DD,DD,0.048818021,0.092888279,0.011095091,0.085301476,0.086069116,0.001458423
307,1061,CC,CC,0,1.013027755,0.05985422,0.123971181,0,0.160772542
307,1062,CC,CC,0,1.081230799,0.013030268,0.073471232,0,0.275560149
307,1063,CC,CC,0,0.801837786,0.012176129,0.061024235,0,0.262707706
307,1064,CC,CC,0,0.879840153,0.023632133,0.117856612,0,0.411625632
307,1065,CC,CC,0,0.883570745,0.003860877,0.093249934,0,0.393062353
307,1066,CC,CC,0,1.355407316,0.00155491,0.143183274,0.006299388,0.424741731
307,1067,CC,CC,0,1.369809023,0.003951662,0.098863355,0,0.43171869
307,1068,CC,CC,0,0.981120622,0.005787028,0.140977019,0,0.491080123
307,1069,CC,CC,0,0.846588389,0.01011696,0.171712163,0,0.540414834
308,1071,CD,CD,0.21888336,0.007673327,0.142810072,0.068717881,0.375657216,0.460024475
308,1072,CD,CD,0.273874535,0.00562559,0.05036156,0.0767538,0.424545625,0.573036845
308,1073,CD,CC,0.221211868,0.022428628,0.133166156,0.020541111,0.408131332,0.480173123
308,1074,CC,CD,0.102509392,0.04864688,0.398338832,0.262273061,0.336764171,0.417683649
308,1075,CD,CC,0.097606226,0.002701342,0.277482126,0.247374742,0.360338189,0.668572099
308,1076,CC,CD,0.127798314,0.01208516,0.183189752,0.243034395,0.36349794,0.821794848
308,1077,CD,DD,0.160828481,0.050502616,0.224508823,0.298821044,0.369230443,0.722409518
308,1078,DD,CD,0.167079484,0.165500602,0.50905667,0.138799816,0.381604739,0.438830483
308,1079,CD,CC,0.149500293,0.074814548,0.263943555,0.274709274,0.380159985,0.680880303
309,1081,CC,CC,0.107798328,0.4532484,0.554684878,1.133428124,0.767216185,0.424672306
309,1082,CC,CC,0.037222208,0.107900062,0.590059722,0.711704919,0.680706908,0.374870988
309,1083,CC,CC,0.035620494,0.131045414,0.537529669,0.724458716,0.749872316,0.341965066
309,1084,CC,CC,0.053036726,0.130290929,0.616012585,0.76116548,0.80460406,0.315432168
309,1085,CC,CC,0.054798539,0.142020736,0.650267183,0.731404401,0.851871088,0.286455691
309,1086,CC,CC,0.043363092,0.173645888,0.823216781,0.664346441,0.931038969,0.330008879
309,1087,CC,CC,0.050877437,0.114915927,0.725974556,0.728846476,0.877234345,0.295233262
309,1088,CC,CC,0.053137776,0.234359145,0.636055979,0.717562173,0.918515516,0.321211923
309,1089,CC,CC,0.049785027,0.265993054,0.507200664,0.806513908,0.946126519,0.309771821
314,1091,CD,CC,0.382620923,0.303489083,1.123288364,0.033224441,0.82725853,1.086808121
314,1092,CC,DC,0.374744773,0.765388945,0.553989514,0.066869346,0.884264397,0.454506461
314,1093,DC,DC,0.489096548,0.447115935,0.447325812,0.044068011,1.083858223,0.436805396
314,1094,DC,DD,0.109599434,0.26001576,0.0062317,0.153319753,0.425509412,0.126218806
314,1095,DD,DD,0.397800743,0.238387487,0.177081128,0.204894456,0.344375727,0.245584963
314,1096,DD,CD,0.375122222,0.422821369,0.196546265,0.030074688,0.484073406,0.351721761
314,1097,CD,DC,0.486280812,0.826403886,0.887268889,0.049468608,0.71548126,0.655821874
314,1098,DC,DD,0.468885231,1.131429383,0.925773188,0.019528646,0.807495129,0.632839563
314,1099,DD,DC,0.166819595,0.249242518,0.059944409,0.203013815,0.261437059,0.496296603
316,1101,DC,CC,0.558506005,0.673261078,1.096297675,0.281598916,1.780381919,0.646405558
316,1102,CC,CD,0.371085034,1.146074182,0.904887368,0.242604721,1.78755013,1.038821121
316,1103,CD,CD,0.403155864,1.247123151,0.869759268,0.258597548,1.920758039,0.994099461
316,1104,CD,DD,0.386205335,1.234286642,0.823257303,0.340454675,1.754511608,1.112827771
316,1105,DD,DD,0.485476297,0.938218981,0.804745209,0.475697725,1.917021174,1.247275321
316,1106,DD,DC,0.433673432,1.113594479,0.923536798,0.344271847,1.531507863,0.841561096
316,1107,DC,CD,0.240417711,1.019180672,0.997555637,0.23679823,1.592046114,1.028579455
316,1108,CD,DD,0.240568725,1.130393768,0.972508105,0.175765753,1.756636803,0.892368538
316,1109,DD,CD,0.247668725,1.129970266,0.914831649,0.279580227,1.674398164,0.959307364
317,1111,CD,CC,0.206282696,0.280307262,0,0.762744623,0.014539456,0.700200445
317,1112,CC,DD,0,0.836310405,0.085998087,0.135776306,0.15479955,0.431522672
317,1113,DD,DC,0,0.698256008,0.000248888,0.072616184,0.113183924,0.342908913
317,1114,DC,DC,0,0.718784588,0.000119077,0.100152519,0.120182912,0.408987895
317,1115,DC,DD,0,0.790670843,0.011246159,0.093189516,0.17473135,0.419115963
317,1116,DD,DC,0,0.730350415,0.022273105,0,0.224181763,0.167562338
317,1117,DC,DD,0.311754232,0.539351931,0.130381287,0.382557362,0.165394893,0.535220461
317,1118,DD,DD,0.460569804,0.679039456,0.147634951,0.545772293,0.059928942,0.816114517
317,1119,DD,DC,0.018725955,0.696961383,0.017421499,0.179823606,0.08614785,0.669842671
318,1121,DC,CC,0.532338876,0.689040116,0.104132985,0.934913462,1.075383818,0.101027595
318,1122,CC,DD,0.423826837,1.006026112,0.217699019,0.817054504,1.276473466,0.041886447
318,1123,DD,CD,0.563385058,1.05092445,0.203025278,0.922265542,1.42160774,0.053224586
318,1124,CD,CD,0.459825329,0.983558757,0.189972511,1.190502075,1.217465275,0.075116312
318,1125,CD,DD,0.6303629,1.128959686,0.443951958,0.888493454,1.419321187,0.060737634
318,1126,DD,CD,0.498095153,1.093737544,0.182077269,0.89324869,1.339757784,0.014851298
318,1127,CD,DD,0.422889528,0.867570447,0.016944745,0.858151784,1.309971303,0.004693678
318,1128,DD,DD,0.222137948,0.840053353,0.069040885,0.906338443,0.964893935,0.016127145
318,1129,DD,CD,0.258483894,0.476607356,0.151914974,0.924708853,0.834436652,0.100964148
324,1131,CD,CD,0.099483931,1.330057313,0.038381242,0.851515696,0.00225187,0.002321478
324,1132,CD,CC,0.047412053,1.427314535,0.165179392,0.414378751,0.057105961,0.030084525
324,1133,CC,CC,0.060766212,0.9789276,0.032280466,0.881962677,0.000178625,0.003066384
324,1134,CC,CD,0.081956345,1.158359714,0.044728224,0.790054205,0.001479626,0.001612901
324,1135,CD,CD,0.103052037,0.949503358,0.028435366,0.971752263,0,0.014955436
324,1136,CD,CC,0.029845624,0.966563451,0.03114064,0.7889666,0.005782698,0.029310779
324,1137,CC,CD,0.035636998,0.910178793,0.036416842,0.803088107,0,0.002562227
324,1138,CD,CC,0.045033008,0.406030439,0.04267644,0.76619358,0,0.010320875
324,1139,CC,CD,0.076383146,1.013256939,0.015358373,0.880873763,0,0
326,1141,DC,DC,0.000176569,1.543252105,0.039007508,0.003314787,0.195537749,0.026593308
326,1142,DC,CC,0,1.749246068,0.004493667,0.01544584,0.18786243,0.028467036
326,1143,CC,CC,0.000104982,1.734487423,0.000197972,0.032027917,0.184155787,0.04799006
326,1144,CC,DC,1.10E-05,1.72695161,0,0.028356071,0.185645687,0.016023455
326,1145,DC,DC,0.000681259,1.837744068,0,0.037673287,0.205354926,0.03905743
326,1146,DC,CC,0.000437791,1.863443207,0.003538008,0.128106456,0.190530485,0.015996175
326,1147,CC,DC,0.000163434,1.82549713,0.001038398,0.004367747,0.219634429,0.017896381
326,1148,DC,CC,0.002301327,1.766784086,0.00039056,0.003395376,0.234475453,0.020233449
326,1149,CC,DC,0.000609071,1.707085785,0,0.00077434,0.213844757,0.008814336
328,1151,CC,CC,0.425525713,0.038812246,0.555075989,0.289699544,0.16665742,0.046782443
328,1152,CC,CC,1.29318621,0,0.348319391,0.275204871,0.001551597,0.031445525
328,1153,CC,CC,0.903642502,0,0.399870028,0.480636712,0.000307669,0.001155044
328,1154,CC,CC,1.03590309,0,0.408320283,0.358563836,0,0.000243542
328,1155,CC,CC,0.917902564,0,0.325200029,0.511556524,0.004709472,0.000190101
328,1156,CC,CC,0.452353372,0.004011077,0.047423605,0.750835317,0.001104882,0.013798812
328,1157,CC,CC,0.256238406,0,0.003706908,1.00610425,0,0.061544288
328,1158,CC,CC,0.21915533,0,0,0.976980604,0,0.082536533
328,1159,CC,CC,0.514644097,0,0,1.048660698,0,0.112905453
330,1161,CD,CD,0,0,0.033941707,0.01575267,0.015755831,0
330,1162,CD,DD,0.003231641,0,0.070979905,0.037777451,0.255711508,0.003979423
330,1163,DD,DD,0.001382152,0,0.108909293,0.0786743,0.289707548,0.077450259
330,1164,DD,DC,0.012355862,0,0.029075023,0.080656219,0.379270315,0.089741944
330,1165,DC,CD,0.035292687,0,0.003147669,0.004833574,0.275929295,0.00287592
330,1166,CD,CD,0.063353368,0,0,0.00240957,0.407322066,0.001090778
330,1167,CD,DD,0.017556334,0,0.046267942,0.024634184,0.209156573,0.048825998
330,1168,DD,DD,0.025383826,0,0.029910879,0.005616433,0.219287614,0.002940922
330,1169,DD,DD,0.042718222,0,0.004204091,0.006443306,0.342283986,0
